2024-06-25 11:14:12.871 32335-32335 GraphicsEnvironment     com.example.myapplication            V  ANGLE Developer option for 'com.example.myapplication' set to: 'default'
2024-06-25 11:14:12.871 32335-32335 GraphicsEnvironment     com.example.myapplication            V  ANGLE GameManagerService for com.example.myapplication: false
2024-06-25 11:14:12.871 32335-32335 GraphicsEnvironment     com.example.myapplication            V  App is not on the allowlist for updatable production driver.
2024-06-25 11:14:12.875 32335-32335 NetworkSecurityConfig   com.example.myapplication            D  No Network Security Config specified, using platform default
2024-06-25 11:14:12.875 32335-32335 NetworkSecurityConfig   com.example.myapplication            D  No Network Security Config specified, using platform default
2024-06-25 11:14:12.877 32335-32335 Compatibil...geReporter com.example.myapplication            D  Compat change id reported: 183155436; UID 10024; state: ENABLED
2024-06-25 11:14:12.885 32335-32335 AndroidAutoSize         com.example.myapplication            D  designWidthInDp = 360, designHeightInDp = 640, screenWidth = 1080, screenHeight = 2290
2024-06-25 11:14:12.885 32335-32335 AndroidAutoSize         com.example.myapplication            D  initDensity = 3.0, initScaledDensity = 3.0
2024-06-25 11:14:12.890 32335-32335 base_lib                com.example.myapplication            D  ModuleInitializer--->create
2024-06-25 11:14:12.900 32335-32335 GamePartyL...nitializer com.example.myapplication            E  初始化step1:loadGame
2024-06-25 11:14:12.901 32335-32335 com.cn.gam...ketManager com.example.myapplication            E  initSocketClient
2024-06-25 11:14:12.909 32335-32335 OplusActivityManager    com.example.myapplication            D  get AMS extension: android.os.BinderProxy@906923b
2024-06-25 11:14:12.915 32335-3798  OplusGraphicsEvent      com.example.myapplication            D  OplusGraphicsEventListener create now!
2024-06-25 11:14:12.915 32335-3798  OplusGraphicsEvent      com.example.myapplication            D  addEventListener success!
2024-06-25 11:14:12.916 32335-3803  libMEOW                 com.example.myapplication            D  meow new tls: 0xb400007683d725c0
2024-06-25 11:14:12.917 32335-3803  libMEOW                 com.example.myapplication            D  meow reload base cfg path: na
2024-06-25 11:14:12.917 32335-3803  libMEOW                 com.example.myapplication            D  meow reload overlay cfg path: na
2024-06-25 11:14:12.917 32335-3803  QT                      com.example.myapplication            W  qt_process_init() called
2024-06-25 11:14:12.917 32335-3803  QT                      com.example.myapplication            E  [QT]file does not exist
2024-06-25 11:14:12.917 32335-3803  QT                      com.example.myapplication            W  Support!!
2024-06-25 11:14:12.917 32335-3794  System.err              com.example.myapplication            W  SLF4J: Failed to load class "org.slf4j.impl.StaticLoggerBinder".
2024-06-25 11:14:12.917 32335-3794  System.err              com.example.myapplication            W  SLF4J: Defaulting to no-operation (NOP) logger implementation
2024-06-25 11:14:12.917 32335-3794  System.err              com.example.myapplication            W  SLF4J: See http://www.slf4j.org/codes.html#StaticLoggerBinder for further details.
2024-06-25 11:14:12.918 32335-3803  QT                      com.example.myapplication            E  [QT]file does not exist
2024-06-25 11:14:12.918 32335-3803  libMEOW                 com.example.myapplication            D  applied 1 plugins for [com.example.myapplication]:
2024-06-25 11:14:12.918 32335-3803  libMEOW                 com.example.myapplication            D    plugin 1: [libMEOW_gift.so]: 0xb400007672720380
2024-06-25 11:14:12.919 32335-3803  libMEOW                 com.example.myapplication            D  rebuild call chain: 0xb400007683d86d80
2024-06-25 11:14:12.919 32335-3794  e.myapplication         com.example.myapplication            D  createChiper1:0
2024-06-25 11:14:12.919 32335-3803  libMEOW                 com.example.myapplication            D  meow delete tls: 0xb400007683d725c0
2024-06-25 11:14:12.919 32335-3794  realgo                  com.example.myapplication            D  create chipper=0xb4000076726cc770
2024-06-25 11:14:12.919 32335-3794  e.myapplication         com.example.myapplication            D  createChiper2:-5476376638156650640
2024-06-25 11:14:12.921 32335-3804  TrafficStats            com.example.myapplication            D  tagSocket(88) with statsTag=0xffffffff, statsUid=-1
2024-06-25 11:14:12.935 32335-32335 AppCompatDelegate       com.example.myapplication            D  Checking for metadata for AppLocalesMetadataHolderService : Service not found
2024-06-25 11:14:12.961 32335-32335 AndroidAutoSize         com.example.myapplication            D  com.example.myapplication.MainActivity used the global configuration.
2024-06-25 11:14:12.962 32335-32335 AndroidAutoSize         com.example.myapplication            D  The com.example.myapplication.MainActivity has been adapted!
                                                                                                    MainActivity Info: isBaseOnWidth = true, designWidthInDp = 375.000000, designWidthInSubunits = 375.000000, targetDensity = 2.880000, targetScaledDensity = 2.880000, targetDensityDpi = 460, targetXdpi = 2.880000, targetScreenWidthDp = 375, targetScreenHeightDp = 756
2024-06-25 11:14:12.965 32335-32335 oplus.andr...actoryImpl com.example.myapplication            I  Unknow feature:IOplusTextViewRTLUtilForUG
2024-06-25 11:14:12.972 32335-32335 OplusWindowManager      com.example.myapplication            D  get WMS extension: android.os.BinderProxy@b7ed859
2024-06-25 11:14:12.984 32335-32335 e.myapplication         com.example.myapplication            W  Accessing hidden method Landroid/view/View;->computeFitSystemWindows(Landroid/graphics/Rect;Landroid/graphics/Rect;)Z (unsupported, reflection, allowed)
2024-06-25 11:14:12.984 32335-32335 e.myapplication         com.example.myapplication            W  Accessing hidden method Landroid/view/ViewGroup;->makeOptionalFitsSystemWindows()V (unsupported, reflection, allowed)
2024-06-25 11:14:12.991 32335-32335 OplusCusto...ionManager com.example.myapplication            E  sInstance is null, start a new sInstance
2024-06-25 11:14:12.995 32335-32335 Compatibil...geReporter com.example.myapplication            D  Compat change id reported: 210923482; UID 10024; state: ENABLED
2024-06-25 11:14:13.017 32335-32335 AndroidAutoSize         com.example.myapplication            D  com.example.myapplication.MainActivity used the global configuration.
2024-06-25 11:14:13.017 32335-32335 AndroidAutoSize         com.example.myapplication            D  The com.example.myapplication.MainActivity has been adapted!
                                                                                                    MainActivity Info: isBaseOnWidth = true, designWidthInDp = 375.000000, designWidthInSubunits = 375.000000, targetDensity = 2.880000, targetScaledDensity = 2.880000, targetDensityDpi = 460, targetXdpi = 2.880000, targetScreenWidthDp = 375, targetScreenHeightDp = 756
2024-06-25 11:14:13.023 32335-3825  PowerHalWrapper         com.example.myapplication            I  PowerHalWrapper.getInstance
2024-06-25 11:14:13.023 32335-32335 PowerHalWrapper         com.example.myapplication            I  PowerHalWrapper.getInstance
2024-06-25 11:14:13.024 32335-32335 MSYNC3-Var...efreshRate com.example.myapplication            I  Variable refreshrate is disabled
2024-06-25 11:14:13.025 32335-32335 ExtensionsLoader        com.example.myapplication            D  createInstance(64bit) : createExtendedFactory
2024-06-25 11:14:13.026 32335-32335 ExtensionsLoader        com.example.myapplication            D  Opened libSchedAssistExtImpl.so
2024-06-25 11:14:13.026 32335-32335 e.myapplication         com.example.myapplication            E  ofbOpen failed with error=No such file or directory
2024-06-25 11:14:13.026 32335-32335 e.myapplication         com.example.myapplication            E  sysOpen failed with error=No such file or directory
2024-06-25 11:14:13.027 32335-32335 OplusInputMethodUtil    com.example.myapplication            D  init sDebug to false, init sDebugIme to false, init sAlwaysOn to false
2024-06-25 11:14:13.027 32335-32335 OplusInputMethodUtil    com.example.myapplication            D  updateDebugToClass InputMethodManager.DEBUG = false
2024-06-25 11:14:13.028 32335-32335 OplusInputMethodUtil    com.example.myapplication            D  updateDebugToClass ImeFocusController.DEBUG = false
2024-06-25 11:14:13.028 32335-32335 OplusInputMethodUtil    com.example.myapplication            D  updateDebugToClass BaseInputConnection.DEBUG = false
2024-06-25 11:14:13.028 32335-32335 OplusInputMethodUtil    com.example.myapplication            D  updateDebugToClass ImeFocusController.sDebugIme = false
2024-06-25 11:14:13.030 32335-32335 SurfaceFactory          com.example.myapplication            I  [static] sSurfaceFactory = com.mediatek.view.impl.SurfaceFactoryImpl@85913a8
2024-06-25 11:14:13.035 32335-3828  OplusSlideAnimOptHelper com.example.myapplication            I  checkListMode: is blacklist mode = true
2024-06-25 11:14:13.035 32335-3828  OplusSlideAnimOptHelper com.example.myapplication            D  com.example.myapplication scrollEffectOpt enable = true
2024-06-25 11:14:13.035 32335-32335 WindowManager           com.example.myapplication            D  Add to mViews: DecorView@6883666[MainActivity],pkg= com.example.myapplication
2024-06-25 11:14:13.038 32335-3798  ExtensionsLoader        com.example.myapplication            D  createInstance(64bit) : createExtendedFactory
2024-06-25 11:14:13.039 32335-3798  ExtensionsLoader        com.example.myapplication            D  Opened libhwuiextimpl.so
2024-06-25 11:14:13.039 32335-32335 ExtensionsLoader        com.example.myapplication            D  createInstance(64bit) : createExtendedFactory
2024-06-25 11:14:13.040 32335-32335 ExtensionsLoader        com.example.myapplication            D  Opened libSchedAssistExtImpl.so
2024-06-25 11:14:13.048 32335-32335 ViewRootImplExtImpl     com.example.myapplication            D  onDisplayChanged -1 for VRI android.view.ViewRootImpl@8c0afc0
2024-06-25 11:14:13.049 32335-32335 libMEOW                 com.example.myapplication            D  meow new tls: 0xb40000760ad13fc0
2024-06-25 11:14:13.049 32335-32335 libMEOW                 com.example.myapplication            D  applied 1 plugins for [com.example.myapplication]:
2024-06-25 11:14:13.049 32335-32335 libMEOW                 com.example.myapplication            D    plugin 1: [libMEOW_gift.so]: 0xb400007672720380
2024-06-25 11:14:13.049 32335-32335 libMEOW                 com.example.myapplication            D  rebuild call chain: 0xb40000760ad22e80
2024-06-25 11:14:13.050 32335-32335 InputEventReceiver      com.example.myapplication            D  Input log is disabled
2024-06-25 11:14:13.071 32335-32335 BufferQueueConsumer     com.example.myapplication            D  [](id:7e4f00000000,api:0,p:-1,c:32335) connect: controlledByApp=false
2024-06-25 11:14:13.072 32335-32335 ExtensionsLoader        com.example.myapplication            D  createInstance(64bit) : createExtendedFactory
2024-06-25 11:14:13.072 32335-32335 ExtensionsLoader        com.example.myapplication            D  Opened libSchedAssistExtImpl.so
2024-06-25 11:14:13.073 32335-32335 FBI                     com.example.myapplication            E  Can't load library: dlopen failed: library "libmagtsync.so" not found
2024-06-25 11:14:13.074 32335-32335 ZoomWindowDecorView     com.example.myapplication            V  setLastReportedMergedConfiguration mZoomDisplayHeight: 2400 getDecorView.109590118
2024-06-25 11:14:13.075 32335-3798  libMEOW                 com.example.myapplication            D  meow new tls: 0xb40000760ad70840
2024-06-25 11:14:13.075 32335-3798  libMEOW                 com.example.myapplication            D  applied 1 plugins for [com.example.myapplication]:
2024-06-25 11:14:13.075 32335-3798  libMEOW                 com.example.myapplication            D    plugin 1: [libMEOW_gift.so]: 0xb400007672720380
2024-06-25 11:14:13.075 32335-3798  libMEOW                 com.example.myapplication            D  rebuild call chain: 0xb40000760ad7fc00
2024-06-25 11:14:13.077 32335-32335 VRI[MainActivity]       com.example.myapplication            D  registerCallbacksForSync syncBuffer=false
2024-06-25 11:14:13.098 32335-3798  hw-ProcessState         com.example.myapplication            D  Binder ioctl to enable oneway spam detection failed: Invalid argument
2024-06-25 11:14:13.130 32335-3798  BLASTBufferQueue        com.example.myapplication            D  [VRI[MainActivity][com.example.myapplication/com.example.myapplication.MainActivity]#0](f:0,a:1) acquireNextBufferLocked size=1080x2400 mFrameNumber=1 applyTransaction=true mTimestamp=95110277187284(auto) mPendingTransactions.size=0 graphicBufferId=138877767516160 transform=0
2024-06-25 11:14:13.130 32335-3798  VRI[MainActivity]       com.example.myapplication            D  Received frameCommittedCallback lastAttemptedDrawFrameNum=1 didProduceBuffer=true syncBuffer=false
2024-06-25 11:14:13.132 32335-3798  Parcel                  com.example.myapplication            W  Expecting binder but got null!
2024-06-25 11:14:13.132 32335-32335 VRI[MainActivity]       com.example.myapplication            D  draw finished.
2024-06-25 11:14:13.134 32335-32335 Quality                 com.example.myapplication            I  Skipped: false 3 cost 61.337536 refreshRate 16666667 bit true processName com.example.myapplication
2024-06-25 11:14:13.135 32335-32335 VRI[MainActivity]       com.example.myapplication            D  registerCallbacksForSync syncBuffer=false
2024-06-25 11:14:13.138 32335-3798  VRI[MainActivity]       com.example.myapplication            D  Received frameCommittedCallback lastAttemptedDrawFrameNum=2 didProduceBuffer=true syncBuffer=false
2024-06-25 11:14:13.138 32335-32335 VRI[MainActivity]       com.example.myapplication            D  draw finished.
2024-06-25 11:14:13.155 32335-32335 VRI[MainActivity]       com.example.myapplication            D  onFocusEvent true
2024-06-25 11:14:14.781 32335-32335 OplusSyste...ureExtImpl com.example.myapplication            D  regionString = null
2024-06-25 11:14:14.783 32335-32335 OplusSyste...ionGesture com.example.myapplication            D  [GESTURE_BUTTON] swipe from 1
2024-06-25 11:14:14.783 32335-32335 OplusSyste...ionGesture com.example.myapplication            D  [GESTURE_BUTTON] Hit Gesture Region !
2024-06-25 11:14:14.784 32335-32335 OplusInput...erInternal com.example.myapplication            D  get inputMethodManager extension: com.android.internal.view.IInputMethodManager$Stub$Proxy@fb4ddfa
2024-06-25 11:14:14.806 32335-32335 ViewRootImplExtImpl     com.example.myapplication            D  onDisplayChanged 0 for VRI android.view.ViewRootImpl@8c0afc0
2024-06-25 11:14:16.941 32335-32335 Quality                 com.example.myapplication            I  Skipped: true 2 cost 32.75625 refreshRate 11111111 bit true processName com.example.myapplication
2024-06-25 11:14:16.996 32335-32335 Compatibil...geReporter com.example.myapplication            D  Compat change id reported: 147798919; UID 10024; state: ENABLED
2024-06-25 11:14:17.018 32335-32335 ThemeUtils              com.example.myapplication            E  View class androidx.appcompat.widget.AppCompatImageView is an AppCompat widget that can only be used with a Theme.AppCompat theme (or descendant).
2024-06-25 11:14:17.023 32335-32335 ThemeUtils              com.example.myapplication            E  View class androidx.appcompat.widget.AppCompatTextView is an AppCompat widget that can only be used with a Theme.AppCompat theme (or descendant).
2024-06-25 11:14:17.029 32335-32335 WindowManager           com.example.myapplication            D  Add to mViews: com.lzf.easyfloat.widget.ParentFrameLayout{600b9aa I.E...... ......I. 0,0-0,0},pkg= null
2024-06-25 11:14:17.036 32335-32335 ViewRootImplExtImpl     com.example.myapplication            D  onDisplayChanged -1 for VRI android.view.ViewRootImpl@e88c676
2024-06-25 11:14:17.037 32335-32335 InputEventReceiver      com.example.myapplication            D  Input log is disabled
2024-06-25 11:14:17.043 32335-32335 Quality                 com.example.myapplication            I  Skipped: false 3 cost 40.88787 refreshRate 11111111 bit true processName com.example.myapplication
2024-06-25 11:14:17.076 32335-32335 WindowManager           com.example.myapplication            D  Add to mViews: android.widget.RelativeLayout{e491113 V.E...... ......I. 0,0-0,0},pkg= com.example.myapplication
2024-06-25 11:14:17.088 32335-32335 ViewRootImplExtImpl     com.example.myapplication            D  onDisplayChanged -1 for VRI android.view.ViewRootImpl@929ab6f
2024-06-25 11:14:17.090 32335-32335 InputEventReceiver      com.example.myapplication            D  Input log is disabled
2024-06-25 11:14:17.095 32335-32335 com.cn.gam...ServiceImp com.example.myapplication            E  send()->mid:7-sid:7
2024-06-25 11:14:17.095 32335-32335 realgo                  com.example.myapplication            D  [jni] dataSize = 45
2024-06-25 11:14:17.095 32335-32335 realgo                  com.example.myapplication            D  GetByteArrayElements
2024-06-25 11:14:17.095 32335-32335 realgo                  com.example.myapplication            D  cipher->pack
2024-06-25 11:14:17.096 32335-32335 System.err              com.example.myapplication            W  org.java_websocket.exceptions.WebsocketNotConnectedException
2024-06-25 11:14:17.097 32335-32335 System.err              com.example.myapplication            W  	at org.java_websocket.WebSocketImpl.send(WebSocketImpl.java:673)
2024-06-25 11:14:17.097 32335-32335 System.err              com.example.myapplication            W  	at org.java_websocket.WebSocketImpl.send(WebSocketImpl.java:663)
2024-06-25 11:14:17.097 32335-32335 System.err              com.example.myapplication            W  	at org.java_websocket.WebSocketImpl.send(WebSocketImpl.java:668)
2024-06-25 11:14:17.097 32335-32335 System.err              com.example.myapplication            W  	at org.java_websocket.client.WebSocketClient.send(WebSocketClient.java:440)
2024-06-25 11:14:17.097 32335-32335 System.err              com.example.myapplication            W  	at com.cn.game.sdk2.websocket.imp.GameServiceImp$send$1$1.invokeSuspend(GameServiceImp.kt:136)
2024-06-25 11:14:17.097 32335-32335 System.err              com.example.myapplication            W  	at kotlin.coroutines.jvm.internal.BaseContinuationImpl.resumeWith(ContinuationImpl.kt:33)
2024-06-25 11:14:17.097 32335-32335 System.err              com.example.myapplication            W  	at kotlinx.coroutines.DispatchedTask.run(DispatchedTask.kt:106)
2024-06-25 11:14:17.097 32335-32335 System.err              com.example.myapplication            W  	at android.os.Handler.handleCallback(Handler.java:942)
2024-06-25 11:14:17.097 32335-32335 System.err              com.example.myapplication            W  	at android.os.Handler.dispatchMessage(Handler.java:99)
2024-06-25 11:14:17.097 32335-32335 System.err              com.example.myapplication            W  	at android.os.Looper.loopOnce(Looper.java:240)
2024-06-25 11:14:17.097 32335-32335 System.err              com.example.myapplication            W  	at android.os.Looper.loop(Looper.java:351)
2024-06-25 11:14:17.097 32335-32335 System.err              com.example.myapplication            W  	at android.app.ActivityThread.main(ActivityThread.java:8377)
2024-06-25 11:14:17.097 32335-32335 System.err              com.example.myapplication            W  	at java.lang.reflect.Method.invoke(Native Method)
2024-06-25 11:14:17.097 32335-32335 System.err              com.example.myapplication            W  	at com.android.internal.os.RuntimeInit$MethodAndArgsCaller.run(RuntimeInit.java:584)
2024-06-25 11:14:17.097 32335-32335 System.err              com.example.myapplication            W  	at com.android.internal.os.ZygoteInit.main(ZygoteInit.java:1013)
2024-06-25 11:14:17.098 32335-32335 Quality                 com.example.myapplication            I  Skipped: false 4 cost 51.337284 refreshRate 11111111 bit true processName com.example.myapplication
2024-06-25 11:14:17.121 32335-32335 BufferQueueConsumer     com.example.myapplication            D  [](id:7e4f00000001,api:0,p:-1,c:32335) connect: controlledByApp=false
2024-06-25 11:14:17.126 32335-32335 VRI[]                   com.example.myapplication            D  registerCallbacksForSync syncBuffer=false
2024-06-25 11:14:17.152 32335-3798  BLASTBufferQueue        com.example.myapplication            D  [VRI[][]#1](f:0,a:1) acquireNextBufferLocked size=167x212 mFrameNumber=1 applyTransaction=true mTimestamp=95114299367899(auto) mPendingTransactions.size=0 graphicBufferId=138877767516171 transform=0
2024-06-25 11:14:17.152 32335-3798  VRI[]                   com.example.myapplication            D  Received frameCommittedCallback lastAttemptedDrawFrameNum=1 didProduceBuffer=true syncBuffer=false
2024-06-25 11:14:17.153 32335-3798  Parcel                  com.example.myapplication            W  Expecting binder but got null!
2024-06-25 11:14:17.153 32335-32335 VRI[]                   com.example.myapplication            D  draw finished.
2024-06-25 11:14:17.175 32335-32335 BufferQueueConsumer     com.example.myapplication            D  [](id:7e4f00000002,api:0,p:-1,c:32335) connect: controlledByApp=false
2024-06-25 11:14:17.181 32335-32335 VRI[Toast]              com.example.myapplication            D  registerCallbacksForSync syncBuffer=false
2024-06-25 11:14:17.186 32335-3798  BLASTBufferQueue        com.example.myapplication            D  [VRI[Toast][Toast]#2](f:0,a:1) acquireNextBufferLocked size=334x160 mFrameNumber=1 applyTransaction=true mTimestamp=95114333419361(auto) mPendingTransactions.size=0 graphicBufferId=138877767516174 transform=0
2024-06-25 11:14:17.186 32335-3798  VRI[Toast]              com.example.myapplication            D  Received frameCommittedCallback lastAttemptedDrawFrameNum=1 didProduceBuffer=true syncBuffer=false
2024-06-25 11:14:17.187 32335-3798  Parcel                  com.example.myapplication            W  Expecting binder but got null!
2024-06-25 11:14:17.187 32335-32335 VRI[Toast]              com.example.myapplication            D  draw finished.
2024-06-25 11:14:17.190 32335-32335 Quality                 com.example.myapplication            I  Skipped: false 7 cost 86.99836 refreshRate 11163942 bit true processName com.example.myapplication
2024-06-25 11:14:17.225 32335-3798  BLASTBufferQueue        com.example.myapplication            D  [VRI[][]#1](f:0,a:2) producer disconnected before: mAbandoned=0
                                                                                                    - BufferQueue mMaxAcquiredBufferCount=4 mMaxDequeuedBufferCount=2
                                                                                                      mDequeueBufferCannotBlock=0 mAsyncMode=0
                                                                                                      mQueueBufferCanDrop=0 mLegacyBufferDrop=1
                                                                                                      default-size=[167x212] default-format=1   transform-hint=00 frame-counter=2
                                                                                                      mTransformHintInUse=00 mAutoPrerotation=0
                                                                                                    FIFO(0):
                                                                                                    (mConsumerName=VRI[][]#1(BLAST Consumer)1, mConnectedApi=1, mConsumerUsageBits=2304, mId=7e4f00000001, producer=[32335:com.example.myapplication], consumer=[32335:com.example.myapplication])
                                                                                                    Slots:
                                                                                                     >[00:0xb4000075f4739c00] state=ACQUIRED 0xb4000075f46d7b00 frame=2 [ 167x 212: 192,  1]
                                                                                                      [01:0x0] state=FREE
                                                                                                      [02:0x0] state=FREE
                                                                                                      [03:0x0] state=FREE
                                                                                                      [04:0x0] state=FREE
                                                                                                      [05:0x0] state=FREE
2024-06-25 11:14:17.230 32335-32335 Quality                 com.example.myapplication            I  Skipped: false 3 cost 37.33698 refreshRate 11166924 bit true processName com.example.myapplication
2024-06-25 11:14:17.243 32335-32335 VRI[]                   com.example.myapplication            D  registerCallbacksForSync syncBuffer=false
2024-06-25 11:14:17.249 32335-3798  VRI[]                   com.example.myapplication            D  Received frameCommittedCallback lastAttemptedDrawFrameNum=3 didProduceBuffer=true syncBuffer=false
2024-06-25 11:14:17.250 32335-32335 VRI[]                   com.example.myapplication            D  draw finished.
2024-06-25 11:14:17.255 32335-32335 VRI[Toast]              com.example.myapplication            D  registerCallbacksForSync syncBuffer=false
2024-06-25 11:14:17.258 32335-3798  VRI[Toast]              com.example.myapplication            D  Received frameCommittedCallback lastAttemptedDrawFrameNum=2 didProduceBuffer=true syncBuffer=false
2024-06-25 11:14:17.259 32335-32335 VRI[Toast]              com.example.myapplication            D  draw finished.
2024-06-25 11:14:17.261 32335-32335 Quality                 com.example.myapplication            I  Skipped: false 2 cost 23.66844 refreshRate 11166677 bit true processName com.example.myapplication
2024-06-25 11:14:17.295 32335-32335 Quality                 com.example.myapplication            I  Skipped: false 1 cost 12.617013 refreshRate 11167454 bit true processName com.example.myapplication
2024-06-25 11:14:17.330 32335-32335 Quality                 com.example.myapplication            I  Skipped: false 1 cost 14.66758 refreshRate 11167533 bit true processName com.example.myapplication
2024-06-25 11:14:17.379 32335-3751  e.myapplication         com.example.myapplication            I  Compiler allocated 4937KB to compile void android.view.ViewRootImpl.performTraversals()
2024-06-25 11:14:17.746  7062-7874  Battery                 com.oplus.battery                    E  AppStats: Uid = 10016; pkgName = com.example.myapplication; CpuFgTime = 0 ms; CpuBgTime = 0 ms.
2024-06-25 11:14:17.746  7062-7874  Battery                 com.oplus.battery                    E  AppStats: Uid = 10016; pkgName = com.example.myapplication; CpuKernelFgTime = 0 ms; CpuKernelBgTime = 0 ms.
2024-06-25 11:14:17.746  7062-7874  Battery                 com.oplus.battery                    E  AppStats: Uid = 10016; pkgName = com.example.myapplication; CpuUserFgTime = 0 ms ; CpuUserBgTime = 0 ms.
2024-06-25 11:14:17.746  7062-7874  Battery                 com.oplus.battery                    E  AppStats: Uid = 10016; pkgName = com.example.myapplication; CpuFgPower = 0.0 mAh.; CpuBgPower = 0.0 mAh.
2024-06-25 11:14:17.746  7062-7874  Battery                 com.oplus.battery                    E  AppStats: Uid = 10016; pkgName = com.example.myapplication; AlarmFgWakeupCount = 0; AlarmBgWakeupCount = 0
2024-06-25 11:14:17.746  7062-7874  Battery                 com.oplus.battery                    E  AppStats: Uid = 10016; pkgName = com.example.myapplication; JobFgCount = 0; JobBgCount = 0; JobFgTime = 0; JobBgTime = 0
2024-06-25 11:14:17.746  7062-7874  Battery                 com.oplus.battery                    E  AppStats: Uid = 10016; pkgName = com.example.myapplication; SyncFgCount = 0; SyncBgCount = 0; SyncFgTime = 0; SyncBgTime = 0
2024-06-25 11:14:17.746  7062-7874  Battery                 com.oplus.battery                    E  AppStats: Uid = 10016; pkgName = com.example.myapplication; WakeLockFgTime = 0 ms; WakeLockFgPower = 0.0 mAh.; WakeLockBgTime = 0 ms; WakeLockBgPower = 0.0 mAh.
2024-06-25 11:14:17.746  7062-7874  Battery                 com.oplus.battery                    E  AppStats: Uid = 10016; pkgName = com.example.myapplication; ScreenFgTime = 45063529 ms; ScreenFgPower = 87.62352861111111 mAh.
2024-06-25 11:14:17.746  7062-7874  Battery                 com.oplus.battery                    E  AppStats: Uid = 10016; pkgName = com.example.myapplication; FgWifiRxBytes = 0 Bytes; BgWifiRxBytes = 0 Bytes; FgWifiTxBytes = 0 Bytes; BgWifiTxBytes = 0 Bytes; FgWifiRxPackets = 0 ; BgWifiRxPackets = 0 ; FgWifiTxPackets = 0 ; BgWifiTxPackets = 0 ; FgWiFiScanTimeMs = 0 ; BgWiFiScanTimeMs = 0 ; FgWiFiBatchScanTimeMs = 0 ; BgWiFiBatchScanTimeMs = 0
2024-06-25 11:14:17.746  7062-7874  Battery                 com.oplus.battery                    E  AppStats: Uid = 10016; pkgName = com.example.myapplication; FgWifiRxPacketsPower = 0.0 mAh; BgWifiRxPacketsPower = 0.0 mAh; FgWifiTxPacketsPower = 0.0 mAh; BgWifiTxPacketsPower = 0.0 mAh; FgWifiScanPower = 0.0 mAh; BgWifiScanPower = 0.0 mAh; FgWifiBatchScanPower = 0.0 mAh; BgWifiBatchScanPower = 0.0 mAh; FgWiFiTotalPower = 0.0 mAh; BgWiFiTotalPower = 0.0 mAh.
2024-06-25 11:14:17.746  7062-7874  Battery                 com.oplus.battery                    E  AppStats: Uid = 10016; pkgName = com.example.myapplication; FgGpsTime = 0 ms; BgGpsTime = 0 ms.
2024-06-25 11:14:17.746  7062-7874  Battery                 com.oplus.battery                    E  AppStats: Uid = 10016; pkgName = com.example.myapplication; FgGpsPower = 0.0 mAh; BgGpsPower = 0.0 mAh.
2024-06-25 11:14:17.746  7062-7874  Battery                 com.oplus.battery                    E  AppStats: Uid = 10016; pkgName = com.example.myapplication; FgSensorTime = 0 ms; BgSensorTime = 0 ms.
2024-06-25 11:14:17.746  7062-7874  Battery                 com.oplus.battery                    E  AppStats: Uid = 10016; pkgName = com.example.myapplication; FgSensorPower = 0.0 mAh; BgSensorPower = 0.0 mAh.
2024-06-25 11:14:17.746  7062-7874  Battery                 com.oplus.battery                    E  AppStats: Uid = 10016; pkgName = com.example.myapplication; FgCameraTime = 0 ms; BgCameraTime = 0 ms
2024-06-25 11:14:17.746  7062-7874  Battery                 com.oplus.battery                    E  AppStats: Uid = 10016; pkgName = com.example.myapplication; FgCameraPower = 0.0 mAh; BgCameraPower = 0.0 mAh
2024-06-25 11:14:17.746  7062-7874  Battery                 com.oplus.battery                    E  AppStats: Uid = 10016; pkgName = com.example.myapplication; FgFlashLightTime = 0 ms; BgFlashLightTime = 0 ms
2024-06-25 11:14:17.746  7062-7874  Battery                 com.oplus.battery                    E  AppStats: Uid = 10016; pkgName = com.example.myapplication; FgFlashLightPower = 0.0 mAh; BgFlashLightPower = 0.0 mAh
2024-06-25 11:14:19.015 32335-32335 OplusScrollToTopManager com.example.myapplication            D  unregisterGuidePopupDismissReceiverInSystemUI
2024-06-25 11:14:19.016 32335-32335 OplusScrollToTopManager com.example.myapplication            D  Receiver not registered: android.view.OplusScrollToTopManager$1@9e86503
2024-06-25 11:14:19.016 32335-32335 OplusScrollToTopManager com.example.myapplication            D  unregisterSystemUIBroadcastReceiver
2024-06-25 11:14:19.016 32335-32335 OplusScrollToTopManager com.example.myapplication            D  java.lang.IllegalArgumentException: Receiver not registered: android.view.OplusScrollToTopManager$2@a0c1c80
2024-06-25 11:14:19.018 32335-32335 ZoomWindowDecorView     com.example.myapplication            V  removeZoomView
2024-06-25 11:14:19.020 32335-32335 BLASTBufferQueue        com.example.myapplication            D  [VRI[Toast][Toast]#2](f:0,a:1) destructor()
2024-06-25 11:14:19.021 32335-32335 BufferQueueConsumer     com.example.myapplication            D  [VRI[Toast][Toast]#2(BLAST Consumer)2](id:7e4f00000002,api:0,p:-1,c:32335) disconnect
2024-06-25 11:14:19.039 32335-32335 Quality                 com.example.myapplication            I  Skipped: false 1 cost 14.898656 refreshRate 11165341 bit true processName com.example.myapplication
2024-06-25 11:14:20.064 32335-32335 WindowManager           com.example.myapplication            D  Add to mViews: android.widget.RelativeLayout{e5680ac V.E...... ......I. 0,0-0,0},pkg= com.example.myapplication
2024-06-25 11:14:20.075 32335-32335 ViewRootImplExtImpl     com.example.myapplication            D  onDisplayChanged -1 for VRI android.view.ViewRootImpl@fb98
2024-06-25 11:14:20.076 32335-32335 InputEventReceiver      com.example.myapplication            D  Input log is disabled
2024-06-25 11:14:20.079 32335-32335 com.cn.gam...ServiceImp com.example.myapplication            E  send()->mid:7-sid:7
2024-06-25 11:14:20.079 32335-32335 realgo                  com.example.myapplication            D  [jni] dataSize = 45
2024-06-25 11:14:20.079 32335-32335 realgo                  com.example.myapplication            D  GetByteArrayElements
2024-06-25 11:14:20.079 32335-32335 realgo                  com.example.myapplication            D  cipher->pack
2024-06-25 11:14:20.079 32335-32335 System.err              com.example.myapplication            W  org.java_websocket.exceptions.WebsocketNotConnectedException
2024-06-25 11:14:20.079 32335-32335 System.err              com.example.myapplication            W  	at org.java_websocket.WebSocketImpl.send(WebSocketImpl.java:673)
2024-06-25 11:14:20.079 32335-32335 System.err              com.example.myapplication            W  	at org.java_websocket.WebSocketImpl.send(WebSocketImpl.java:663)
2024-06-25 11:14:20.079 32335-32335 System.err              com.example.myapplication            W  	at org.java_websocket.WebSocketImpl.send(WebSocketImpl.java:668)
2024-06-25 11:14:20.080 32335-32335 System.err              com.example.myapplication            W  	at org.java_websocket.client.WebSocketClient.send(WebSocketClient.java:440)
2024-06-25 11:14:20.080 32335-32335 System.err              com.example.myapplication            W  	at com.cn.game.sdk2.websocket.imp.GameServiceImp$send$1$1.invokeSuspend(GameServiceImp.kt:136)
2024-06-25 11:14:20.080 32335-32335 System.err              com.example.myapplication            W  	at kotlin.coroutines.jvm.internal.BaseContinuationImpl.resumeWith(ContinuationImpl.kt:33)
2024-06-25 11:14:20.080 32335-32335 System.err              com.example.myapplication            W  	at kotlinx.coroutines.DispatchedTask.run(DispatchedTask.kt:106)
2024-06-25 11:14:20.080 32335-32335 System.err              com.example.myapplication            W  	at android.os.Handler.handleCallback(Handler.java:942)
2024-06-25 11:14:20.080 32335-32335 System.err              com.example.myapplication            W  	at android.os.Handler.dispatchMessage(Handler.java:99)
2024-06-25 11:14:20.080 32335-32335 System.err              com.example.myapplication            W  	at android.os.Looper.loopOnce(Looper.java:240)
2024-06-25 11:14:20.080 32335-32335 System.err              com.example.myapplication            W  	at android.os.Looper.loop(Looper.java:351)
2024-06-25 11:14:20.080 32335-32335 System.err              com.example.myapplication            W  	at android.app.ActivityThread.main(ActivityThread.java:8377)
2024-06-25 11:14:20.080 32335-32335 System.err              com.example.myapplication            W  	at java.lang.reflect.Method.invoke(Native Method)
2024-06-25 11:14:20.080 32335-32335 System.err              com.example.myapplication            W  	at com.android.internal.os.RuntimeInit$MethodAndArgsCaller.run(RuntimeInit.java:584)
2024-06-25 11:14:20.080 32335-32335 System.err              com.example.myapplication            W  	at com.android.internal.os.ZygoteInit.main(ZygoteInit.java:1013)
2024-06-25 11:14:20.080 32335-32335 Quality                 com.example.myapplication            I  Skipped: false 1 cost 18.650908 refreshRate 11112146 bit true processName com.example.myapplication
2024-06-25 11:14:20.094 32335-32335 BufferQueueConsumer     com.example.myapplication            D  [](id:7e4f00000003,api:0,p:-1,c:32335) connect: controlledByApp=false
2024-06-25 11:14:20.094 32335-32335 IPCThreadState          com.example.myapplication            E  attemptIncStrongHandle(76): Not supported
2024-06-25 11:14:20.098 32335-32335 VRI[Toast]              com.example.myapplication            D  registerCallbacksForSync syncBuffer=false
2024-06-25 11:14:20.102 32335-3798  BLASTBufferQueue        com.example.myapplication            D  [VRI[Toast][Toast]#3](f:0,a:1) acquireNextBufferLocked size=334x160 mFrameNumber=1 applyTransaction=true mTimestamp=95117249137515(auto) mPendingTransactions.size=0 graphicBufferId=138877767516184 transform=0
2024-06-25 11:14:20.102 32335-3798  VRI[Toast]              com.example.myapplication            D  Received frameCommittedCallback lastAttemptedDrawFrameNum=1 didProduceBuffer=true syncBuffer=false
2024-06-25 11:14:20.102 32335-3798  Parcel                  com.example.myapplication            W  Expecting binder but got null!
2024-06-25 11:14:20.103 32335-32335 VRI[Toast]              com.example.myapplication            D  draw finished.
2024-06-25 11:14:20.104 32335-32335 Quality                 com.example.myapplication            I  Skipped: false 1 cost 20.123762 refreshRate 11110082 bit true processName com.example.myapplication
2024-06-25 11:14:20.108 32335-32335 VRI[Toast]              com.example.myapplication            D  registerCallbacksForSync syncBuffer=false
2024-06-25 11:14:20.110 32335-3798  VRI[Toast]              com.example.myapplication            D  Received frameCommittedCallback lastAttemptedDrawFrameNum=2 didProduceBuffer=true syncBuffer=false
2024-06-25 11:14:20.111 32335-32335 VRI[Toast]              com.example.myapplication            D  draw finished.
2024-06-25 11:14:22.056 32335-32335 OplusScrollToTopManager com.example.myapplication            D  unregisterGuidePopupDismissReceiverInSystemUI
2024-06-25 11:14:22.058 32335-32335 OplusScrollToTopManager com.example.myapplication            D  Receiver not registered: android.view.OplusScrollToTopManager$1@ebc94f3
2024-06-25 11:14:22.058 32335-32335 OplusScrollToTopManager com.example.myapplication            D  unregisterSystemUIBroadcastReceiver
2024-06-25 11:14:22.058 32335-32335 OplusScrollToTopManager com.example.myapplication            D  java.lang.IllegalArgumentException: Receiver not registered: android.view.OplusScrollToTopManager$2@29fa5b0
2024-06-25 11:14:22.064 32335-32335 ZoomWindowDecorView     com.example.myapplication            V  removeZoomView
2024-06-25 11:14:22.069 32335-32335 BLASTBufferQueue        com.example.myapplication            D  [VRI[Toast][Toast]#3](f:0,a:1) destructor()
2024-06-25 11:14:22.069 32335-32335 BufferQueueConsumer     com.example.myapplication            D  [VRI[Toast][Toast]#3(BLAST Consumer)3](id:7e4f00000003,api:0,p:-1,c:32335) disconnect
2024-06-25 11:14:22.090 32335-32335 Quality                 com.example.myapplication            I  Skipped: false 2 cost 25.387604 refreshRate 11111111 bit true processName com.example.myapplication
2024-06-25 11:14:22.936 32335-32335 WindowManager           com.example.myapplication            D  Add to mViews: android.widget.RelativeLayout{a62ebae V.E...... ......I. 0,0-0,0},pkg= com.example.myapplication
2024-06-25 11:14:22.947 32335-32335 ViewRootImplExtImpl     com.example.myapplication            D  onDisplayChanged -1 for VRI android.view.ViewRootImpl@3f614ba
2024-06-25 11:14:22.949 32335-32335 InputEventReceiver      com.example.myapplication            D  Input log is disabled
2024-06-25 11:14:22.951 32335-32335 com.cn.gam...ServiceImp com.example.myapplication            E  send()->mid:7-sid:7
2024-06-25 11:14:22.951 32335-32335 realgo                  com.example.myapplication            D  [jni] dataSize = 45
2024-06-25 11:14:22.951 32335-32335 realgo                  com.example.myapplication            D  GetByteArrayElements
2024-06-25 11:14:22.951 32335-32335 realgo                  com.example.myapplication            D  cipher->pack
2024-06-25 11:14:22.951 32335-32335 System.err              com.example.myapplication            W  org.java_websocket.exceptions.WebsocketNotConnectedException
2024-06-25 11:14:22.951 32335-32335 System.err              com.example.myapplication            W  	at org.java_websocket.WebSocketImpl.send(WebSocketImpl.java:673)
2024-06-25 11:14:22.951 32335-32335 System.err              com.example.myapplication            W  	at org.java_websocket.WebSocketImpl.send(WebSocketImpl.java:663)
2024-06-25 11:14:22.951 32335-32335 System.err              com.example.myapplication            W  	at org.java_websocket.WebSocketImpl.send(WebSocketImpl.java:668)
2024-06-25 11:14:22.951 32335-32335 System.err              com.example.myapplication            W  	at org.java_websocket.client.WebSocketClient.send(WebSocketClient.java:440)
2024-06-25 11:14:22.951 32335-32335 System.err              com.example.myapplication            W  	at com.cn.game.sdk2.websocket.imp.GameServiceImp$send$1$1.invokeSuspend(GameServiceImp.kt:136)
2024-06-25 11:14:22.951 32335-32335 System.err              com.example.myapplication            W  	at kotlin.coroutines.jvm.internal.BaseContinuationImpl.resumeWith(ContinuationImpl.kt:33)
2024-06-25 11:14:22.951 32335-32335 System.err              com.example.myapplication            W  	at kotlinx.coroutines.DispatchedTask.run(DispatchedTask.kt:106)
2024-06-25 11:14:22.952 32335-32335 System.err              com.example.myapplication            W  	at android.os.Handler.handleCallback(Handler.java:942)
2024-06-25 11:14:22.952 32335-32335 System.err              com.example.myapplication            W  	at android.os.Handler.dispatchMessage(Handler.java:99)
2024-06-25 11:14:22.952 32335-32335 System.err              com.example.myapplication            W  	at android.os.Looper.loopOnce(Looper.java:240)
2024-06-25 11:14:22.952 32335-32335 System.err              com.example.myapplication            W  	at android.os.Looper.loop(Looper.java:351)
2024-06-25 11:14:22.952 32335-32335 System.err              com.example.myapplication            W  	at android.app.ActivityThread.main(ActivityThread.java:8377)
2024-06-25 11:14:22.952 32335-32335 System.err              com.example.myapplication            W  	at java.lang.reflect.Method.invoke(Native Method)
2024-06-25 11:14:22.952 32335-32335 System.err              com.example.myapplication            W  	at com.android.internal.os.RuntimeInit$MethodAndArgsCaller.run(RuntimeInit.java:584)
2024-06-25 11:14:22.952 32335-32335 System.err              com.example.myapplication            W  	at com.android.internal.os.ZygoteInit.main(ZygoteInit.java:1013)
2024-06-25 11:14:22.952 32335-32335 Quality                 com.example.myapplication            I  Skipped: false 1 cost 20.4064 refreshRate 11137514 bit true processName com.example.myapplication
2024-06-25 11:14:22.963 32335-32335 BufferQueueConsumer     com.example.myapplication            D  [](id:7e4f00000004,api:0,p:-1,c:32335) connect: controlledByApp=false
2024-06-25 11:14:22.963 32335-32335 IPCThreadState          com.example.myapplication            E  attemptIncStrongHandle(79): Not supported
2024-06-25 11:14:22.966 32335-32335 VRI[Toast]              com.example.myapplication            D  registerCallbacksForSync syncBuffer=false
2024-06-25 11:14:22.969 32335-3798  BLASTBufferQueue        com.example.myapplication            D  [VRI[Toast][Toast]#4](f:0,a:1) acquireNextBufferLocked size=334x160 mFrameNumber=1 applyTransaction=true mTimestamp=95120115868823(auto) mPendingTransactions.size=0 graphicBufferId=138877767516188 transform=0
2024-06-25 11:14:22.969 32335-3798  VRI[Toast]              com.example.myapplication            D  Received frameCommittedCallback lastAttemptedDrawFrameNum=1 didProduceBuffer=true syncBuffer=false
2024-06-25 11:14:22.969 32335-3798  Parcel                  com.example.myapplication            W  Expecting binder but got null!
2024-06-25 11:14:22.969 32335-32335 VRI[Toast]              com.example.myapplication            D  draw finished.
2024-06-25 11:14:22.974 32335-32335 Quality                 com.example.myapplication            I  Skipped: false 1 cost 19.794716 refreshRate 11127002 bit true processName com.example.myapplication
2024-06-25 11:14:22.978 32335-32335 VRI[Toast]              com.example.myapplication            D  registerCallbacksForSync syncBuffer=false
2024-06-25 11:14:22.980 32335-3798  VRI[Toast]              com.example.myapplication            D  Received frameCommittedCallback lastAttemptedDrawFrameNum=2 didProduceBuffer=true syncBuffer=false
2024-06-25 11:14:22.980 32335-32335 VRI[Toast]              com.example.myapplication            D  draw finished.
2024-06-25 11:14:24.680 32335-32335 OplusSyste...ionGesture com.example.myapplication            D  [GESTURE_BUTTON] swipe from 1
2024-06-25 11:14:24.680 32335-32335 OplusSyste...ionGesture com.example.myapplication            D  [GESTURE_BUTTON] Hit Gesture Region !
2024-06-25 11:14:24.903 32335-32335 OplusSyste...ionGesture com.example.myapplication            D  [GESTURE_BUTTON] swipe from 1
2024-06-25 11:14:24.903 32335-32335 OplusSyste...ionGesture com.example.myapplication            D  [GESTURE_BUTTON] Hit Gesture Region !
2024-06-25 11:14:24.929 32335-32335 OplusScrollToTopManager com.example.myapplication            D  unregisterGuidePopupDismissReceiverInSystemUI
2024-06-25 11:14:24.929 32335-32335 OplusScrollToTopManager com.example.myapplication            D  Receiver not registered: android.view.OplusScrollToTopManager$1@3b6189d
2024-06-25 11:14:24.929 32335-32335 OplusScrollToTopManager com.example.myapplication            D  unregisterSystemUIBroadcastReceiver
2024-06-25 11:14:24.929 32335-32335 OplusScrollToTopManager com.example.myapplication            D  java.lang.IllegalArgumentException: Receiver not registered: android.view.OplusScrollToTopManager$2@6768112
2024-06-25 11:14:24.930 32335-32335 ZoomWindowDecorView     com.example.myapplication            V  removeZoomView
2024-06-25 11:14:24.932 32335-32335 BLASTBufferQueue        com.example.myapplication            D  [VRI[Toast][Toast]#4](f:0,a:1) destructor()
2024-06-25 11:14:24.932 32335-32335 BufferQueueConsumer     com.example.myapplication            D  [VRI[Toast][Toast]#4(BLAST Consumer)4](id:7e4f00000004,api:0,p:-1,c:32335) disconnect
2024-06-25 11:14:26.638 32335-32335 OplusSyste...ionGesture com.example.myapplication            D  [GESTURE_BUTTON] swipe from 1
2024-06-25 11:14:26.638 32335-32335 OplusSyste...ionGesture com.example.myapplication            D  [GESTURE_BUTTON] Hit Gesture Region !
2024-06-25 11:14:26.691 32335-32335 Activity                com.example.myapplication            D  dispatchKeyEvent to com.example.myapplication.MainActivity@695a46 will call onBackPressed
2024-06-25 11:14:26.691 32335-32335 Activity                com.example.myapplication            D  com.example.myapplication.MainActivity@695a46onBackPressed!
2024-06-25 11:14:26.745 32335-32335 VRI[MainActivity]       com.example.myapplication            D  onFocusEvent false
2024-06-25 11:14:26.760 32335-32335 ViewRootImplExtImpl     com.example.myapplication            D  onDisplayChanged 0 for VRI android.view.ViewRootImpl@e88c676
2024-06-25 11:14:27.181 32335-3883  VRI[]                   com.example.myapplication            D  dispatchAppVisibility visible:false
2024-06-25 11:14:27.182 32335-3759  VRI[MainActivity]       com.example.myapplication            D  dispatchAppVisibility visible:false
2024-06-25 11:14:27.202 32335-32335 BLASTBufferQueue        com.example.myapplication            D  [VRI[][]#1](f:0,a:1) destructor()
2024-06-25 11:14:27.202 32335-32335 BufferQueueConsumer     com.example.myapplication            D  [VRI[][]#1(BLAST Consumer)1](id:7e4f00000001,api:0,p:-1,c:32335) disconnect
2024-06-25 11:14:27.203 32335-32335 VRI[MainActivity]       com.example.myapplication            D  setWindowStopped stopped:true
2024-06-25 11:14:27.204 32335-32335 VRI[]                   com.example.myapplication            D  setWindowStopped stopped:true
2024-06-25 11:14:27.221 32335-3798  BLASTBufferQueue        com.example.myapplication            D  [VRI[MainActivity][com.example.myapplication/com.example.myapplication.MainActivity]#0](f:0,a:1) destructor()
2024-06-25 11:14:27.221 32335-3798  BufferQueueConsumer     com.example.myapplication            D  [VRI[MainActivity][com.example.myapplication/com.example.myapplication.MainActivity]#0(BLAST Consumer)0](id:7e4f00000000,api:0,p:-1,c:32335) disconnect
2024-06-25 11:14:29.853 32335-32335 ActivityThread          com.example.myapplication            D  do gfx trim 40 success
2024-06-25 11:14:30.917 32335-32335 ViewRootImplExtImpl     com.example.myapplication            D  onDisplayChanged 0 for VRI android.view.ViewRootImpl@8c0afc0
2024-06-25 11:14:30.920 32335-32335 ViewRootImplExtImpl     com.example.myapplication            D  onDisplayChanged 0 for VRI android.view.ViewRootImpl@e88c676
2024-06-25 11:14:31.823  7062-7874  Battery                 com.oplus.battery                    E  AppStats: Uid = 10016; pkgName = com.example.myapplication; CpuFgTime = 0 ms; CpuBgTime = 0 ms.
2024-06-25 11:14:31.823  7062-7874  Battery                 com.oplus.battery                    E  AppStats: Uid = 10016; pkgName = com.example.myapplication; CpuKernelFgTime = 0 ms; CpuKernelBgTime = 0 ms.
2024-06-25 11:14:31.823  7062-7874  Battery                 com.oplus.battery                    E  AppStats: Uid = 10016; pkgName = com.example.myapplication; CpuUserFgTime = 0 ms ; CpuUserBgTime = 0 ms.
2024-06-25 11:14:31.824  7062-7874  Battery                 com.oplus.battery                    E  AppStats: Uid = 10016; pkgName = com.example.myapplication; CpuFgPower = 0.0 mAh.; CpuBgPower = 0.0 mAh.
2024-06-25 11:14:31.824  7062-7874  Battery                 com.oplus.battery                    E  AppStats: Uid = 10016; pkgName = com.example.myapplication; AlarmFgWakeupCount = 0; AlarmBgWakeupCount = 0
2024-06-25 11:14:31.824  7062-7874  Battery                 com.oplus.battery                    E  AppStats: Uid = 10016; pkgName = com.example.myapplication; JobFgCount = 0; JobBgCount = 0; JobFgTime = 0; JobBgTime = 0
2024-06-25 11:14:31.824  7062-7874  Battery                 com.oplus.battery                    E  AppStats: Uid = 10016; pkgName = com.example.myapplication; SyncFgCount = 0; SyncBgCount = 0; SyncFgTime = 0; SyncBgTime = 0
2024-06-25 11:14:31.824  7062-7874  Battery                 com.oplus.battery                    E  AppStats: Uid = 10016; pkgName = com.example.myapplication; WakeLockFgTime = 0 ms; WakeLockFgPower = 0.0 mAh.; WakeLockBgTime = 0 ms; WakeLockBgPower = 0.0 mAh.
2024-06-25 11:14:31.824  7062-7874  Battery                 com.oplus.battery                    E  AppStats: Uid = 10016; pkgName = com.example.myapplication; ScreenFgTime = 45077606 ms; ScreenFgPower = 87.65090055555555 mAh.
2024-06-25 11:14:31.824  7062-7874  Battery                 com.oplus.battery                    E  AppStats: Uid = 10016; pkgName = com.example.myapplication; FgWifiRxBytes = 0 Bytes; BgWifiRxBytes = 0 Bytes; FgWifiTxBytes = 0 Bytes; BgWifiTxBytes = 0 Bytes; FgWifiRxPackets = 0 ; BgWifiRxPackets = 0 ; FgWifiTxPackets = 0 ; BgWifiTxPackets = 0 ; FgWiFiScanTimeMs = 0 ; BgWiFiScanTimeMs = 0 ; FgWiFiBatchScanTimeMs = 0 ; BgWiFiBatchScanTimeMs = 0
2024-06-25 11:14:31.824  7062-7874  Battery                 com.oplus.battery                    E  AppStats: Uid = 10016; pkgName = com.example.myapplication; FgWifiRxPacketsPower = 0.0 mAh; BgWifiRxPacketsPower = 0.0 mAh; FgWifiTxPacketsPower = 0.0 mAh; BgWifiTxPacketsPower = 0.0 mAh; FgWifiScanPower = 0.0 mAh; BgWifiScanPower = 0.0 mAh; FgWifiBatchScanPower = 0.0 mAh; BgWifiBatchScanPower = 0.0 mAh; FgWiFiTotalPower = 0.0 mAh; BgWiFiTotalPower = 0.0 mAh.
2024-06-25 11:14:31.824  7062-7874  Battery                 com.oplus.battery                    E  AppStats: Uid = 10016; pkgName = com.example.myapplication; FgGpsTime = 0 ms; BgGpsTime = 0 ms.
2024-06-25 11:14:31.824  7062-7874  Battery                 com.oplus.battery                    E  AppStats: Uid = 10016; pkgName = com.example.myapplication; FgGpsPower = 0.0 mAh; BgGpsPower = 0.0 mAh.
2024-06-25 11:14:31.824  7062-7874  Battery                 com.oplus.battery                    E  AppStats: Uid = 10016; pkgName = com.example.myapplication; FgSensorTime = 0 ms; BgSensorTime = 0 ms.
2024-06-25 11:14:31.824  7062-7874  Battery                 com.oplus.battery                    E  AppStats: Uid = 10016; pkgName = com.example.myapplication; FgSensorPower = 0.0 mAh; BgSensorPower = 0.0 mAh.
2024-06-25 11:14:31.824  7062-7874  Battery                 com.oplus.battery                    E  AppStats: Uid = 10016; pkgName = com.example.myapplication; FgCameraTime = 0 ms; BgCameraTime = 0 ms
2024-06-25 11:14:31.824  7062-7874  Battery                 com.oplus.battery                    E  AppStats: Uid = 10016; pkgName = com.example.myapplication; FgCameraPower = 0.0 mAh; BgCameraPower = 0.0 mAh
2024-06-25 11:14:31.824  7062-7874  Battery                 com.oplus.battery                    E  AppStats: Uid = 10016; pkgName = com.example.myapplication; FgFlashLightTime = 0 ms; BgFlashLightTime = 0 ms
2024-06-25 11:14:31.824  7062-7874  Battery                 com.oplus.battery                    E  AppStats: Uid = 10016; pkgName = com.example.myapplication; FgFlashLightPower = 0.0 mAh; BgFlashLightPower = 0.0 mAh
2024-06-25 11:14:32.309 32335-32335 FinalizerDaemon         com.example.myapplication            W  type=1400 audit(0.0:892): avc: denied { getopt } for path="/dev/socket/usap_pool_primary" scontext=u:r:untrusted_app:s0:c24,c256,c512,c768 tcontext=u:r:zygote:s0 tclass=unix_stream_socket permissive=0 app=com.example.myapplication
2024-06-25 11:20:55.129  1347-1347  OPLUS_KEVENT_RECORD     oplus_kevent                         E  OPLUS_KEVENT payload:10024,path@@/data/data/com.example.myapplication/code_cache/install_server-8e9a2d18
2024-06-25 11:20:55.466  1564-1704  OplusThermalStats       system_server                        E  Error getting package info: com.example.myapplication
2024-06-25 11:20:55.533   351-351   libc                    com.example.myapplication            W  Access denied finding property "ro.odm.prev.product.name"
2024-06-25 11:20:55.534   351-351   LoadedApk               com.example.myapplication            D  mApplicationInfo overrideDisplayId:null
2024-06-25 11:20:55.541   351-351   ziparchive              com.example.myapplication            W  Unable to open '/data/data/com.example.myapplication/code_cache/.overlay/base.apk/classes12.dm': No such file or directory
2024-06-25 11:20:55.541   351-351   ziparchive              com.example.myapplication            W  Unable to open '/data/data/com.example.myapplication/code_cache/.overlay/base.apk/classes2.dm': No such file or directory
2024-06-25 11:20:55.541   351-351   ziparchive              com.example.myapplication            W  Unable to open '/data/data/com.example.myapplication/code_cache/.overlay/base.apk/classes7.dm': No such file or directory
2024-06-25 11:20:55.541   351-351   ziparchive              com.example.myapplication            W  Unable to open '/data/app/~~zXfVM3JBBKE4g-zDnwxo5A==/com.example.myapplication-8-3Oqqo4vM6pUwMVv-8jfg==/base.dm': No such file or directory
2024-06-25 11:20:55.541   351-351   ziparchive              com.example.myapplication            W  Unable to open '/data/app/~~zXfVM3JBBKE4g-zDnwxo5A==/com.example.myapplication-8-3Oqqo4vM6pUwMVv-8jfg==/base.dm': No such file or directory
2024-06-25 11:20:55.689   351-351   GraphicsEnvironment     com.example.myapplication            V  ANGLE Developer option for 'com.example.myapplication' set to: 'default'
2024-06-25 11:20:55.689   351-351   GraphicsEnvironment     com.example.myapplication            V  ANGLE GameManagerService for com.example.myapplication: false
2024-06-25 11:20:55.690   351-351   GraphicsEnvironment     com.example.myapplication            V  App is not on the allowlist for updatable production driver.
2024-06-25 11:20:55.698   351-351   NetworkSecurityConfig   com.example.myapplication            D  No Network Security Config specified, using platform default
2024-06-25 11:20:55.698   351-351   NetworkSecurityConfig   com.example.myapplication            D  No Network Security Config specified, using platform default
2024-06-25 11:20:55.701   351-351   Compatibil...geReporter com.example.myapplication            D  Compat change id reported: 183155436; UID 10024; state: ENABLED
2024-06-25 11:20:55.707   351-351   AndroidAutoSize         com.example.myapplication            D  designWidthInDp = 375, designHeightInDp = 720, screenWidth = 1080, screenHeight = 2290
2024-06-25 11:20:55.708   351-351   AndroidAutoSize         com.example.myapplication            D  initDensity = 3.0, initScaledDensity = 3.0
2024-06-25 11:20:55.713   351-351   base_lib                com.example.myapplication            D  ModuleInitializer--->create
2024-06-25 11:20:55.721   351-351   GamePartyL...nitializer com.example.myapplication            E  初始化step1:loadGame
2024-06-25 11:20:55.721   351-351   com.cn.gam...ketManager com.example.myapplication            E  initSocketClient
2024-06-25 11:20:55.732   351-351   OplusActivityManager    com.example.myapplication            D  get AMS extension: android.os.BinderProxy@2dbdf96
2024-06-25 11:20:55.737   351-4395  System.err              com.example.myapplication            W  SLF4J: Failed to load class "org.slf4j.impl.StaticLoggerBinder".
2024-06-25 11:20:55.737   351-4395  System.err              com.example.myapplication            W  SLF4J: Defaulting to no-operation (NOP) logger implementation
2024-06-25 11:20:55.737   351-4395  System.err              com.example.myapplication            W  SLF4J: See http://www.slf4j.org/codes.html#StaticLoggerBinder for further details.
2024-06-25 11:20:55.737   351-4398  OplusGraphicsEvent      com.example.myapplication            D  OplusGraphicsEventListener create now!
2024-06-25 11:20:55.738   351-4398  OplusGraphicsEvent      com.example.myapplication            D  addEventListener success!
2024-06-25 11:20:55.739   351-4400  libMEOW                 com.example.myapplication            D  meow new tls: 0xb400007683da2500
2024-06-25 11:20:55.739   351-4400  libMEOW                 com.example.myapplication            D  meow reload base cfg path: na
2024-06-25 11:20:55.739   351-4400  libMEOW                 com.example.myapplication            D  meow reload overlay cfg path: na
2024-06-25 11:20:55.739   351-4400  QT                      com.example.myapplication            W  qt_process_init() called
2024-06-25 11:20:55.739   351-4400  QT                      com.example.myapplication            E  [QT]file does not exist
2024-06-25 11:20:55.739   351-4400  QT                      com.example.myapplication            W  Support!!
2024-06-25 11:20:55.740   351-4400  QT                      com.example.myapplication            E  [QT]file does not exist
2024-06-25 11:20:55.740   351-4395  e.myapplication         com.example.myapplication            D  createChiper1:0
2024-06-25 11:20:55.741   351-4400  libMEOW                 com.example.myapplication            D  applied 1 plugins for [com.example.myapplication]:
2024-06-25 11:20:55.741   351-4400  libMEOW                 com.example.myapplication            D    plugin 1: [libMEOW_gift.so]: 0xb400007672720380
2024-06-25 11:20:55.741   351-4395  realgo                  com.example.myapplication            D  create chipper=0xb4000076726ccb10
2024-06-25 11:20:55.741   351-4395  e.myapplication         com.example.myapplication            D  createChiper2:-5476376638156649712
2024-06-25 11:20:55.741   351-4400  libMEOW                 com.example.myapplication            D  rebuild call chain: 0xb400007683dbf540
2024-06-25 11:20:55.741   351-4400  libMEOW                 com.example.myapplication            D  meow delete tls: 0xb400007683da2500
2024-06-25 11:20:55.742   351-4401  TrafficStats            com.example.myapplication            D  tagSocket(88) with statsTag=0xffffffff, statsUid=-1
2024-06-25 11:20:55.748   351-351   AppCompatDelegate       com.example.myapplication            D  Checking for metadata for AppLocalesMetadataHolderService : Service not found
2024-06-25 11:20:55.769   351-351   AndroidAutoSize         com.example.myapplication            D  com.example.myapplication.MainActivity used the global configuration.
2024-06-25 11:20:55.770   351-351   AndroidAutoSize         com.example.myapplication            D  The com.example.myapplication.MainActivity has been adapted!
                                                                                                    MainActivity Info: isBaseOnWidth = true, designWidthInDp = 375.000000, designWidthInSubunits = 375.000000, targetDensity = 2.880000, targetScaledDensity = 2.880000, targetDensityDpi = 460, targetXdpi = 2.880000, targetScreenWidthDp = 375, targetScreenHeightDp = 756
2024-06-25 11:20:55.773   351-351   oplus.andr...actoryImpl com.example.myapplication            I  Unknow feature:IOplusTextViewRTLUtilForUG
2024-06-25 11:20:55.779   351-351   OplusWindowManager      com.example.myapplication            D  get WMS extension: android.os.BinderProxy@2097acc
2024-06-25 11:20:55.789   351-351   e.myapplication         com.example.myapplication            W  Accessing hidden method Landroid/view/View;->computeFitSystemWindows(Landroid/graphics/Rect;Landroid/graphics/Rect;)Z (unsupported, reflection, allowed)
2024-06-25 11:20:55.789   351-351   e.myapplication         com.example.myapplication            W  Accessing hidden method Landroid/view/ViewGroup;->makeOptionalFitsSystemWindows()V (unsupported, reflection, allowed)
2024-06-25 11:20:55.794   351-351   OplusCusto...ionManager com.example.myapplication            E  sInstance is null, start a new sInstance
2024-06-25 11:20:55.798   351-351   Compatibil...geReporter com.example.myapplication            D  Compat change id reported: 210923482; UID 10024; state: ENABLED
2024-06-25 11:20:55.817   351-351   AndroidAutoSize         com.example.myapplication            D  com.example.myapplication.MainActivity used the global configuration.
2024-06-25 11:20:55.818   351-351   AndroidAutoSize         com.example.myapplication            D  The com.example.myapplication.MainActivity has been adapted!
                                                                                                    MainActivity Info: isBaseOnWidth = true, designWidthInDp = 375.000000, designWidthInSubunits = 375.000000, targetDensity = 2.880000, targetScaledDensity = 2.880000, targetDensityDpi = 460, targetXdpi = 2.880000, targetScreenWidthDp = 375, targetScreenHeightDp = 756
2024-06-25 11:20:55.823   351-351   PowerHalWrapper         com.example.myapplication            I  PowerHalWrapper.getInstance
2024-06-25 11:20:55.823   351-4404  PowerHalWrapper         com.example.myapplication            I  PowerHalWrapper.getInstance
2024-06-25 11:20:55.824   351-351   MSYNC3-Var...efreshRate com.example.myapplication            I  Variable refreshrate is disabled
2024-06-25 11:20:55.825   351-351   ExtensionsLoader        com.example.myapplication            D  createInstance(64bit) : createExtendedFactory
2024-06-25 11:20:55.825   351-351   ExtensionsLoader        com.example.myapplication            D  Opened libSchedAssistExtImpl.so
2024-06-25 11:20:55.825   351-351   e.myapplication         com.example.myapplication            E  ofbOpen failed with error=No such file or directory
2024-06-25 11:20:55.825   351-351   e.myapplication         com.example.myapplication            E  sysOpen failed with error=No such file or directory
2024-06-25 11:20:55.827   351-351   OplusInputMethodUtil    com.example.myapplication            D  init sDebug to false, init sDebugIme to false, init sAlwaysOn to false
2024-06-25 11:20:55.827   351-351   OplusInputMethodUtil    com.example.myapplication            D  updateDebugToClass InputMethodManager.DEBUG = false
2024-06-25 11:20:55.827   351-351   OplusInputMethodUtil    com.example.myapplication            D  updateDebugToClass ImeFocusController.DEBUG = false
2024-06-25 11:20:55.827   351-351   OplusInputMethodUtil    com.example.myapplication            D  updateDebugToClass BaseInputConnection.DEBUG = false
2024-06-25 11:20:55.827   351-351   OplusInputMethodUtil    com.example.myapplication            D  updateDebugToClass ImeFocusController.sDebugIme = false
2024-06-25 11:20:55.830   351-351   SurfaceFactory          com.example.myapplication            I  [static] sSurfaceFactory = com.mediatek.view.impl.SurfaceFactoryImpl@1766da7
2024-06-25 11:20:55.834   351-4407  OplusSlideAnimOptHelper com.example.myapplication            I  checkListMode: is blacklist mode = true
2024-06-25 11:20:55.834   351-4407  OplusSlideAnimOptHelper com.example.myapplication            D  com.example.myapplication scrollEffectOpt enable = true
2024-06-25 11:20:55.835   351-351   WindowManager           com.example.myapplication            D  Add to mViews: DecorView@d1385fd[MainActivity],pkg= com.example.myapplication
2024-06-25 11:20:55.837   351-4398  ExtensionsLoader        com.example.myapplication            D  createInstance(64bit) : createExtendedFactory
2024-06-25 11:20:55.838   351-4398  ExtensionsLoader        com.example.myapplication            D  Opened libhwuiextimpl.so
2024-06-25 11:20:55.838   351-351   ExtensionsLoader        com.example.myapplication            D  createInstance(64bit) : createExtendedFactory
2024-06-25 11:20:55.838   351-351   ExtensionsLoader        com.example.myapplication            D  Opened libSchedAssistExtImpl.so
2024-06-25 11:20:55.847   351-351   ViewRootImplExtImpl     com.example.myapplication            D  onDisplayChanged -1 for VRI android.view.ViewRootImpl@9116a9f
2024-06-25 11:20:55.848   351-351   libMEOW                 com.example.myapplication            D  meow new tls: 0xb4000076058f0740
2024-06-25 11:20:55.848   351-351   libMEOW                 com.example.myapplication            D  applied 1 plugins for [com.example.myapplication]:
2024-06-25 11:20:55.848   351-351   libMEOW                 com.example.myapplication            D    plugin 1: [libMEOW_gift.so]: 0xb400007672720380
2024-06-25 11:20:55.848   351-351   libMEOW                 com.example.myapplication            D  rebuild call chain: 0xb4000076058ff280
2024-06-25 11:20:55.848   351-351   InputEventReceiver      com.example.myapplication            D  Input log is disabled
2024-06-25 11:20:55.866   351-351   BufferQueueConsumer     com.example.myapplication            D  [](id:15f00000000,api:0,p:-1,c:351) connect: controlledByApp=false
2024-06-25 11:20:55.867   351-351   ExtensionsLoader        com.example.myapplication            D  createInstance(64bit) : createExtendedFactory
2024-06-25 11:20:55.867   351-351   ExtensionsLoader        com.example.myapplication            D  Opened libSchedAssistExtImpl.so
2024-06-25 11:20:55.867   351-351   FBI                     com.example.myapplication            E  Can't load library: dlopen failed: library "libmagtsync.so" not found
2024-06-25 11:20:55.868   351-351   ZoomWindowDecorView     com.example.myapplication            V  setLastReportedMergedConfiguration mZoomDisplayHeight: 2400 getDecorView.219383293
2024-06-25 11:20:55.869   351-4398  libMEOW                 com.example.myapplication            D  meow new tls: 0xb400007682ef6280
2024-06-25 11:20:55.869   351-4398  libMEOW                 com.example.myapplication            D  applied 1 plugins for [com.example.myapplication]:
2024-06-25 11:20:55.869   351-4398  libMEOW                 com.example.myapplication            D    plugin 1: [libMEOW_gift.so]: 0xb400007672720380
2024-06-25 11:20:55.869   351-4398  libMEOW                 com.example.myapplication            D  rebuild call chain: 0xb400007682f0c6c0
2024-06-25 11:20:55.871   351-351   VRI[MainActivity]       com.example.myapplication            D  registerCallbacksForSync syncBuffer=false
2024-06-25 11:20:55.890   351-4398  hw-ProcessState         com.example.myapplication            D  Binder ioctl to enable oneway spam detection failed: Invalid argument
2024-06-25 11:20:55.901   351-4398  BLASTBufferQueue        com.example.myapplication            D  [VRI[MainActivity][com.example.myapplication/com.example.myapplication.MainActivity]#0](f:0,a:1) acquireNextBufferLocked size=1080x2400 mFrameNumber=1 applyTransaction=true mTimestamp=95513048275000(auto) mPendingTransactions.size=0 graphicBufferId=1507533520896 transform=0
2024-06-25 11:20:55.901   351-4398  VRI[MainActivity]       com.example.myapplication            D  Received frameCommittedCallback lastAttemptedDrawFrameNum=1 didProduceBuffer=true syncBuffer=false
2024-06-25 11:20:55.903   351-4398  Parcel                  com.example.myapplication            W  Expecting binder but got null!
2024-06-25 11:20:55.903   351-351   VRI[MainActivity]       com.example.myapplication            D  draw finished.
2024-06-25 11:20:55.905   351-351   Quality                 com.example.myapplication            I  Skipped: false 2 cost 35.40139 refreshRate 16624270 bit true processName com.example.myapplication
2024-06-25 11:20:55.906   351-351   VRI[MainActivity]       com.example.myapplication            D  registerCallbacksForSync syncBuffer=false
2024-06-25 11:20:55.910   351-4398  VRI[MainActivity]       com.example.myapplication            D  Received frameCommittedCallback lastAttemptedDrawFrameNum=2 didProduceBuffer=true syncBuffer=false
2024-06-25 11:20:55.911   351-351   VRI[MainActivity]       com.example.myapplication            D  draw finished.
2024-06-25 11:21:00.534  7062-7874  Battery                 com.oplus.battery                    E  AppStats: Uid = 10016; pkgName = com.example.myapplication; CpuFgTime = 0 ms; CpuBgTime = 0 ms.
2024-06-25 11:21:00.534  7062-7874  Battery                 com.oplus.battery                    E  AppStats: Uid = 10016; pkgName = com.example.myapplication; CpuKernelFgTime = 0 ms; CpuKernelBgTime = 0 ms.
2024-06-25 11:21:00.534  7062-7874  Battery                 com.oplus.battery                    E  AppStats: Uid = 10016; pkgName = com.example.myapplication; CpuUserFgTime = 0 ms ; CpuUserBgTime = 0 ms.
2024-06-25 11:21:00.534  7062-7874  Battery                 com.oplus.battery                    E  AppStats: Uid = 10016; pkgName = com.example.myapplication; CpuFgPower = 0.0 mAh.; CpuBgPower = 0.0 mAh.
2024-06-25 11:21:00.534  7062-7874  Battery                 com.oplus.battery                    E  AppStats: Uid = 10016; pkgName = com.example.myapplication; AlarmFgWakeupCount = 0; AlarmBgWakeupCount = 0
2024-06-25 11:21:00.534  7062-7874  Battery                 com.oplus.battery                    E  AppStats: Uid = 10016; pkgName = com.example.myapplication; JobFgCount = 0; JobBgCount = 0; JobFgTime = 0; JobBgTime = 0
2024-06-25 11:21:00.534  7062-7874  Battery                 com.oplus.battery                    E  AppStats: Uid = 10016; pkgName = com.example.myapplication; SyncFgCount = 0; SyncBgCount = 0; SyncFgTime = 0; SyncBgTime = 0
2024-06-25 11:21:00.534  7062-7874  Battery                 com.oplus.battery                    E  AppStats: Uid = 10016; pkgName = com.example.myapplication; WakeLockFgTime = 0 ms; WakeLockFgPower = 0.0 mAh.; WakeLockBgTime = 0 ms; WakeLockBgPower = 0.0 mAh.
2024-06-25 11:21:00.534  7062-7874  Battery                 com.oplus.battery                    E  AppStats: Uid = 10016; pkgName = com.example.myapplication; ScreenFgTime = 45077606 ms; ScreenFgPower = 87.65090055555555 mAh.
2024-06-25 11:21:00.534  7062-7874  Battery                 com.oplus.battery                    E  AppStats: Uid = 10016; pkgName = com.example.myapplication; FgWifiRxBytes = 0 Bytes; BgWifiRxBytes = 0 Bytes; FgWifiTxBytes = 0 Bytes; BgWifiTxBytes = 0 Bytes; FgWifiRxPackets = 0 ; BgWifiRxPackets = 0 ; FgWifiTxPackets = 0 ; BgWifiTxPackets = 0 ; FgWiFiScanTimeMs = 0 ; BgWiFiScanTimeMs = 0 ; FgWiFiBatchScanTimeMs = 0 ; BgWiFiBatchScanTimeMs = 0
2024-06-25 11:21:00.534  7062-7874  Battery                 com.oplus.battery                    E  AppStats: Uid = 10016; pkgName = com.example.myapplication; FgWifiRxPacketsPower = 0.0 mAh; BgWifiRxPacketsPower = 0.0 mAh; FgWifiTxPacketsPower = 0.0 mAh; BgWifiTxPacketsPower = 0.0 mAh; FgWifiScanPower = 0.0 mAh; BgWifiScanPower = 0.0 mAh; FgWifiBatchScanPower = 0.0 mAh; BgWifiBatchScanPower = 0.0 mAh; FgWiFiTotalPower = 0.0 mAh; BgWiFiTotalPower = 0.0 mAh.
2024-06-25 11:21:00.534  7062-7874  Battery                 com.oplus.battery                    E  AppStats: Uid = 10016; pkgName = com.example.myapplication; FgGpsTime = 0 ms; BgGpsTime = 0 ms.
2024-06-25 11:21:00.534  7062-7874  Battery                 com.oplus.battery                    E  AppStats: Uid = 10016; pkgName = com.example.myapplication; FgGpsPower = 0.0 mAh; BgGpsPower = 0.0 mAh.
2024-06-25 11:21:00.534  7062-7874  Battery                 com.oplus.battery                    E  AppStats: Uid = 10016; pkgName = com.example.myapplication; FgSensorTime = 0 ms; BgSensorTime = 0 ms.
2024-06-25 11:21:00.535  7062-7874  Battery                 com.oplus.battery                    E  AppStats: Uid = 10016; pkgName = com.example.myapplication; FgSensorPower = 0.0 mAh; BgSensorPower = 0.0 mAh.
2024-06-25 11:21:00.535  7062-7874  Battery                 com.oplus.battery                    E  AppStats: Uid = 10016; pkgName = com.example.myapplication; FgCameraTime = 0 ms; BgCameraTime = 0 ms
2024-06-25 11:21:00.535  7062-7874  Battery                 com.oplus.battery                    E  AppStats: Uid = 10016; pkgName = com.example.myapplication; FgCameraPower = 0.0 mAh; BgCameraPower = 0.0 mAh
2024-06-25 11:21:00.535  7062-7874  Battery                 com.oplus.battery                    E  AppStats: Uid = 10016; pkgName = com.example.myapplication; FgFlashLightTime = 0 ms; BgFlashLightTime = 0 ms
2024-06-25 11:21:00.535  7062-7874  Battery                 com.oplus.battery                    E  AppStats: Uid = 10016; pkgName = com.example.myapplication; FgFlashLightPower = 0.0 mAh; BgFlashLightPower = 0.0 mAh
2024-06-25 11:21:05.756   351-351   ViewRootImplExtImpl     com.example.myapplication            D  onDisplayChanged 0 for VRI android.view.ViewRootImpl@9116a9f
2024-06-25 11:21:06.247   351-351   VRI[MainActivity]       com.example.myapplication            D  onFocusEvent true
2024-06-25 11:21:06.778   351-351   OplusSyste...ureExtImpl com.example.myapplication            D  regionString = null
2024-06-25 11:21:06.882   351-351   OplusInput...erInternal com.example.myapplication            D  get inputMethodManager extension: com.android.internal.view.IInputMethodManager$Stub$Proxy@152fab4
2024-06-25 11:21:06.885   351-351   Compatibil...geReporter com.example.myapplication            D  Compat change id reported: 147798919; UID 10024; state: ENABLED
2024-06-25 11:21:06.904   351-351   ThemeUtils              com.example.myapplication            E  View class androidx.appcompat.widget.AppCompatImageView is an AppCompat widget that can only be used with a Theme.AppCompat theme (or descendant).
2024-06-25 11:21:06.910   351-351   ThemeUtils              com.example.myapplication            E  View class androidx.appcompat.widget.AppCompatTextView is an AppCompat widget that can only be used with a Theme.AppCompat theme (or descendant).
2024-06-25 11:21:06.914   351-351   WindowManager           com.example.myapplication            D  Add to mViews: com.lzf.easyfloat.widget.ParentFrameLayout{5e24511 I.E...... ......I. 0,0-0,0},pkg= null
2024-06-25 11:21:06.922   351-351   ViewRootImplExtImpl     com.example.myapplication            D  onDisplayChanged -1 for VRI android.view.ViewRootImpl@715214d
2024-06-25 11:21:06.923   351-351   InputEventReceiver      com.example.myapplication            D  Input log is disabled
2024-06-25 11:21:06.930   351-351   Quality                 com.example.myapplication            I  Skipped: false 3 cost 43.77084 refreshRate 11111111 bit true processName com.example.myapplication
2024-06-25 11:21:06.957   351-351   WindowManager           com.example.myapplication            D  Add to mViews: android.widget.RelativeLayout{f7e2e4e V.E...... ......I. 0,0-0,0},pkg= com.example.myapplication
2024-06-25 11:21:06.964   351-351   ViewRootImplExtImpl     com.example.myapplication            D  onDisplayChanged -1 for VRI android.view.ViewRootImpl@92e15a
2024-06-25 11:21:06.966   351-351   InputEventReceiver      com.example.myapplication            D  Input log is disabled
2024-06-25 11:21:06.969   351-351   com.cn.gam...ServiceImp com.example.myapplication            E  send()->mid:7-sid:7
2024-06-25 11:21:06.969   351-351   realgo                  com.example.myapplication            D  [jni] dataSize = 45
2024-06-25 11:21:06.969   351-351   realgo                  com.example.myapplication            D  GetByteArrayElements
2024-06-25 11:21:06.969   351-351   realgo                  com.example.myapplication            D  cipher->pack
2024-06-25 11:21:06.969   351-351   System.err              com.example.myapplication            W  org.java_websocket.exceptions.WebsocketNotConnectedException
2024-06-25 11:21:06.970   351-351   System.err              com.example.myapplication            W  	at org.java_websocket.WebSocketImpl.send(WebSocketImpl.java:673)
2024-06-25 11:21:06.970   351-351   System.err              com.example.myapplication            W  	at org.java_websocket.WebSocketImpl.send(WebSocketImpl.java:663)
2024-06-25 11:21:06.970   351-351   System.err              com.example.myapplication            W  	at org.java_websocket.WebSocketImpl.send(WebSocketImpl.java:668)
2024-06-25 11:21:06.970   351-351   System.err              com.example.myapplication            W  	at org.java_websocket.client.WebSocketClient.send(WebSocketClient.java:440)
2024-06-25 11:21:06.970   351-351   System.err              com.example.myapplication            W  	at com.cn.game.sdk2.websocket.imp.GameServiceImp$send$1$1.invokeSuspend(GameServiceImp.kt:136)
2024-06-25 11:21:06.970   351-351   System.err              com.example.myapplication            W  	at kotlin.coroutines.jvm.internal.BaseContinuationImpl.resumeWith(ContinuationImpl.kt:33)
2024-06-25 11:21:06.970   351-351   System.err              com.example.myapplication            W  	at kotlinx.coroutines.DispatchedTask.run(DispatchedTask.kt:106)
2024-06-25 11:21:06.970   351-351   System.err              com.example.myapplication            W  	at android.os.Handler.handleCallback(Handler.java:942)
2024-06-25 11:21:06.970   351-351   System.err              com.example.myapplication            W  	at android.os.Handler.dispatchMessage(Handler.java:99)
2024-06-25 11:21:06.970   351-351   System.err              com.example.myapplication            W  	at android.os.Looper.loopOnce(Looper.java:240)
2024-06-25 11:21:06.970   351-351   System.err              com.example.myapplication            W  	at android.os.Looper.loop(Looper.java:351)
2024-06-25 11:21:06.970   351-351   System.err              com.example.myapplication            W  	at android.app.ActivityThread.main(ActivityThread.java:8377)
2024-06-25 11:21:06.970   351-351   System.err              com.example.myapplication            W  	at java.lang.reflect.Method.invoke(Native Method)
2024-06-25 11:21:06.970   351-351   System.err              com.example.myapplication            W  	at com.android.internal.os.RuntimeInit$MethodAndArgsCaller.run(RuntimeInit.java:584)
2024-06-25 11:21:06.970   351-351   System.err              com.example.myapplication            W  	at com.android.internal.os.ZygoteInit.main(ZygoteInit.java:1013)
2024-06-25 11:21:06.971   351-351   Quality                 com.example.myapplication            I  Skipped: false 3 cost 40.023956 refreshRate 11166942 bit true processName com.example.myapplication
2024-06-25 11:21:06.980   351-351   BufferQueueConsumer     com.example.myapplication            D  [](id:15f00000001,api:0,p:-1,c:351) connect: controlledByApp=false
2024-06-25 11:21:06.983   351-351   VRI[]                   com.example.myapplication            D  registerCallbacksForSync syncBuffer=false
2024-06-25 11:21:06.990   351-4398  BLASTBufferQueue        com.example.myapplication            D  [VRI[][]#1](f:0,a:1) acquireNextBufferLocked size=167x212 mFrameNumber=1 applyTransaction=true mTimestamp=95524136860308(auto) mPendingTransactions.size=0 graphicBufferId=1507533520904 transform=0
2024-06-25 11:21:06.990   351-4398  VRI[]                   com.example.myapplication            D  Received frameCommittedCallback lastAttemptedDrawFrameNum=1 didProduceBuffer=true syncBuffer=false
2024-06-25 11:21:06.990   351-4398  Parcel                  com.example.myapplication            W  Expecting binder but got null!
2024-06-25 11:21:06.990   351-351   VRI[]                   com.example.myapplication            D  draw finished.
2024-06-25 11:21:07.003   351-351   BufferQueueConsumer     com.example.myapplication            D  [](id:15f00000002,api:0,p:-1,c:351) connect: controlledByApp=false
2024-06-25 11:21:07.006   351-351   VRI[Toast]              com.example.myapplication            D  registerCallbacksForSync syncBuffer=false
2024-06-25 11:21:07.009   351-4398  BLASTBufferQueue        com.example.myapplication            D  [VRI[Toast][Toast]#2](f:0,a:1) acquireNextBufferLocked size=334x160 mFrameNumber=1 applyTransaction=true mTimestamp=95524156737155(auto) mPendingTransactions.size=0 graphicBufferId=1507533520910 transform=0
2024-06-25 11:21:07.010   351-4398  VRI[Toast]              com.example.myapplication            D  Received frameCommittedCallback lastAttemptedDrawFrameNum=1 didProduceBuffer=true syncBuffer=false
2024-06-25 11:21:07.010   351-4398  Parcel                  com.example.myapplication            W  Expecting binder but got null!
2024-06-25 11:21:07.010   351-351   VRI[Toast]              com.example.myapplication            D  draw finished.
2024-06-25 11:21:07.011   351-351   Quality                 com.example.myapplication            I  Skipped: false 3 cost 35.916424 refreshRate 11167113 bit true processName com.example.myapplication
2024-06-25 11:21:07.030   351-4398  BLASTBufferQueue        com.example.myapplication            D  [VRI[][]#1](f:0,a:2) producer disconnected before: mAbandoned=0
                                                                                                    - BufferQueue mMaxAcquiredBufferCount=4 mMaxDequeuedBufferCount=2
                                                                                                      mDequeueBufferCannotBlock=0 mAsyncMode=0
                                                                                                      mQueueBufferCanDrop=0 mLegacyBufferDrop=1
                                                                                                      default-size=[167x212] default-format=1   transform-hint=00 frame-counter=2
                                                                                                      mTransformHintInUse=00 mAutoPrerotation=0
                                                                                                    FIFO(0):
                                                                                                    (mConsumerName=VRI[][]#1(BLAST Consumer)1, mConnectedApi=1, mConsumerUsageBits=2304, mId=15f00000001, producer=[351:com.example.myapplication], consumer=[351:com.example.myapplication])
                                                                                                    Slots:
                                                                                                     >[00:0xb40000760588c400] state=ACQUIRED 0xb4000075f1c32700 frame=2 [ 167x 212: 192,  1]
                                                                                                      [01:0x0] state=FREE
                                                                                                      [02:0x0] state=FREE
                                                                                                      [03:0x0] state=FREE
                                                                                                      [04:0x0] state=FREE
                                                                                                      [05:0x0] state=FREE
2024-06-25 11:21:07.033   351-351   Quality                 com.example.myapplication            I  Skipped: false 1 cost 12.450379 refreshRate 11166730 bit true processName com.example.myapplication
2024-06-25 11:21:07.038   351-351   VRI[]                   com.example.myapplication            D  registerCallbacksForSync syncBuffer=false
2024-06-25 11:21:07.041   351-4398  VRI[]                   com.example.myapplication            D  Received frameCommittedCallback lastAttemptedDrawFrameNum=3 didProduceBuffer=true syncBuffer=false
2024-06-25 11:21:07.041   351-351   VRI[]                   com.example.myapplication            D  draw finished.
2024-06-25 11:21:07.042   351-351   VRI[Toast]              com.example.myapplication            D  registerCallbacksForSync syncBuffer=false
2024-06-25 11:21:07.044   351-4398  VRI[Toast]              com.example.myapplication            D  Received frameCommittedCallback lastAttemptedDrawFrameNum=2 didProduceBuffer=true syncBuffer=false
2024-06-25 11:21:07.044   351-351   VRI[Toast]              com.example.myapplication            D  draw finished.
2024-06-25 11:21:07.118   351-4376  e.myapplication         com.example.myapplication            I  Compiler allocated 4937KB to compile void android.view.ViewRootImpl.performTraversals()
2024-06-25 11:21:08.901   351-351   OplusScrollToTopManager com.example.myapplication            D  unregisterGuidePopupDismissReceiverInSystemUI
2024-06-25 11:21:08.901   351-351   OplusScrollToTopManager com.example.myapplication            D  Receiver not registered: android.view.OplusScrollToTopManager$1@4f8c6fe
2024-06-25 11:21:08.901   351-351   OplusScrollToTopManager com.example.myapplication            D  unregisterSystemUIBroadcastReceiver
2024-06-25 11:21:08.902   351-351   OplusScrollToTopManager com.example.myapplication            D  java.lang.IllegalArgumentException: Receiver not registered: android.view.OplusScrollToTopManager$2@1024e5f
2024-06-25 11:21:08.904   351-351   ZoomWindowDecorView     com.example.myapplication            V  removeZoomView
2024-06-25 11:21:08.907   351-351   BLASTBufferQueue        com.example.myapplication            D  [VRI[Toast][Toast]#2](f:0,a:1) destructor()
2024-06-25 11:21:08.907   351-351   BufferQueueConsumer     com.example.myapplication            D  [VRI[Toast][Toast]#2(BLAST Consumer)2](id:15f00000002,api:0,p:-1,c:351) disconnect
2024-06-25 11:21:08.928   351-351   Quality                 com.example.myapplication            I  Skipped: false 1 cost 19.44824 refreshRate 11111111 bit true processName com.example.myapplication
2024-06-25 11:21:09.928   351-351   WindowManager           com.example.myapplication            D  Add to mViews: android.widget.RelativeLayout{4a7717b V.E...... ......I. 0,0-0,0},pkg= com.example.myapplication
2024-06-25 11:21:09.936   351-351   ViewRootImplExtImpl     com.example.myapplication            D  onDisplayChanged -1 for VRI android.view.ViewRootImpl@9b1aa57
2024-06-25 11:21:09.937   351-351   InputEventReceiver      com.example.myapplication            D  Input log is disabled
2024-06-25 11:21:09.940   351-351   com.cn.gam...ServiceImp com.example.myapplication            E  send()->mid:7-sid:7
2024-06-25 11:21:09.940   351-351   realgo                  com.example.myapplication            D  [jni] dataSize = 45
2024-06-25 11:21:09.940   351-351   realgo                  com.example.myapplication            D  GetByteArrayElements
2024-06-25 11:21:09.940   351-351   realgo                  com.example.myapplication            D  cipher->pack
2024-06-25 11:21:09.940   351-351   System.err              com.example.myapplication            W  org.java_websocket.exceptions.WebsocketNotConnectedException
2024-06-25 11:21:09.940   351-351   System.err              com.example.myapplication            W  	at org.java_websocket.WebSocketImpl.send(WebSocketImpl.java:673)
2024-06-25 11:21:09.940   351-351   System.err              com.example.myapplication            W  	at org.java_websocket.WebSocketImpl.send(WebSocketImpl.java:663)
2024-06-25 11:21:09.940   351-351   System.err              com.example.myapplication            W  	at org.java_websocket.WebSocketImpl.send(WebSocketImpl.java:668)
2024-06-25 11:21:09.940   351-351   System.err              com.example.myapplication            W  	at org.java_websocket.client.WebSocketClient.send(WebSocketClient.java:440)
2024-06-25 11:21:09.940   351-351   System.err              com.example.myapplication            W  	at com.cn.game.sdk2.websocket.imp.GameServiceImp$send$1$1.invokeSuspend(GameServiceImp.kt:136)
2024-06-25 11:21:09.940   351-351   System.err              com.example.myapplication            W  	at kotlin.coroutines.jvm.internal.BaseContinuationImpl.resumeWith(ContinuationImpl.kt:33)
2024-06-25 11:21:09.940   351-351   System.err              com.example.myapplication            W  	at kotlinx.coroutines.DispatchedTask.run(DispatchedTask.kt:106)
2024-06-25 11:21:09.940   351-351   System.err              com.example.myapplication            W  	at android.os.Handler.handleCallback(Handler.java:942)
2024-06-25 11:21:09.940   351-351   System.err              com.example.myapplication            W  	at android.os.Handler.dispatchMessage(Handler.java:99)
2024-06-25 11:21:09.940   351-351   System.err              com.example.myapplication            W  	at android.os.Looper.loopOnce(Looper.java:240)
2024-06-25 11:21:09.940   351-351   System.err              com.example.myapplication            W  	at android.os.Looper.loop(Looper.java:351)
2024-06-25 11:21:09.941   351-351   System.err              com.example.myapplication            W  	at android.app.ActivityThread.main(ActivityThread.java:8377)
2024-06-25 11:21:09.941   351-351   System.err              com.example.myapplication            W  	at java.lang.reflect.Method.invoke(Native Method)
2024-06-25 11:21:09.941   351-351   System.err              com.example.myapplication            W  	at com.android.internal.os.RuntimeInit$MethodAndArgsCaller.run(RuntimeInit.java:584)
2024-06-25 11:21:09.941   351-351   System.err              com.example.myapplication            W  	at com.android.internal.os.ZygoteInit.main(ZygoteInit.java:1013)
2024-06-25 11:21:09.941   351-351   Quality                 com.example.myapplication            I  Skipped: false 1 cost 19.352345 refreshRate 11111111 bit true processName com.example.myapplication
2024-06-25 11:21:09.954   351-351   BufferQueueConsumer     com.example.myapplication            D  [](id:15f00000003,api:0,p:-1,c:351) connect: controlledByApp=false
2024-06-25 11:21:09.954   351-351   IPCThreadState          com.example.myapplication            E  attemptIncStrongHandle(76): Not supported
2024-06-25 11:21:09.957   351-351   VRI[Toast]              com.example.myapplication            D  registerCallbacksForSync syncBuffer=false
2024-06-25 11:21:09.961   351-4398  BLASTBufferQueue        com.example.myapplication            D  [VRI[Toast][Toast]#3](f:0,a:1) acquireNextBufferLocked size=334x160 mFrameNumber=1 applyTransaction=true mTimestamp=95527108547924(auto) mPendingTransactions.size=0 graphicBufferId=1507533520919 transform=0
2024-06-25 11:21:09.961   351-4398  VRI[Toast]              com.example.myapplication            D  Received frameCommittedCallback lastAttemptedDrawFrameNum=1 didProduceBuffer=true syncBuffer=false
2024-06-25 11:21:09.962   351-4398  Parcel                  com.example.myapplication            W  Expecting binder but got null!
2024-06-25 11:21:09.962   351-351   VRI[Toast]              com.example.myapplication            D  draw finished.
2024-06-25 11:21:09.963   351-351   Quality                 com.example.myapplication            I  Skipped: false 1 cost 18.838871 refreshRate 11159371 bit true processName com.example.myapplication
2024-06-25 11:21:09.969   351-351   VRI[Toast]              com.example.myapplication            D  registerCallbacksForSync syncBuffer=false
2024-06-25 11:21:09.971   351-4398  VRI[Toast]              com.example.myapplication            D  Received frameCommittedCallback lastAttemptedDrawFrameNum=2 didProduceBuffer=true syncBuffer=false
2024-06-25 11:21:09.971   351-351   VRI[Toast]              com.example.myapplication            D  draw finished.
2024-06-25 11:21:11.921   351-351   OplusScrollToTopManager com.example.myapplication            D  unregisterGuidePopupDismissReceiverInSystemUI
2024-06-25 11:21:11.922   351-351   OplusScrollToTopManager com.example.myapplication            D  Receiver not registered: android.view.OplusScrollToTopManager$1@a62ebae
2024-06-25 11:21:11.922   351-351   OplusScrollToTopManager com.example.myapplication            D  unregisterSystemUIBroadcastReceiver
2024-06-25 11:21:11.922   351-351   OplusScrollToTopManager com.example.myapplication            D  java.lang.IllegalArgumentException: Receiver not registered: android.view.OplusScrollToTopManager$2@6818d4f
2024-06-25 11:21:11.926   351-351   ZoomWindowDecorView     com.example.myapplication            V  removeZoomView
2024-06-25 11:21:11.930   351-351   BLASTBufferQueue        com.example.myapplication            D  [VRI[Toast][Toast]#3](f:0,a:1) destructor()
2024-06-25 11:21:11.931   351-351   BufferQueueConsumer     com.example.myapplication            D  [VRI[Toast][Toast]#3(BLAST Consumer)3](id:15f00000003,api:0,p:-1,c:351) disconnect
2024-06-25 11:21:11.955   351-351   Quality                 com.example.myapplication            I  Skipped: false 1 cost 18.23628 refreshRate 11111111 bit true processName com.example.myapplication
2024-06-25 11:21:12.757   351-351   WindowManager           com.example.myapplication            D  Add to mViews: android.widget.RelativeLayout{7fe91e5 V.E...... ......I. 0,0-0,0},pkg= com.example.myapplication
2024-06-25 11:21:12.768   351-351   ViewRootImplExtImpl     com.example.myapplication            D  onDisplayChanged -1 for VRI android.view.ViewRootImpl@a0b6761
2024-06-25 11:21:12.770   351-351   InputEventReceiver      com.example.myapplication            D  Input log is disabled
2024-06-25 11:21:12.772   351-351   com.cn.gam...ServiceImp com.example.myapplication            E  send()->mid:7-sid:7
2024-06-25 11:21:12.772   351-351   realgo                  com.example.myapplication            D  [jni] dataSize = 45
2024-06-25 11:21:12.772   351-351   realgo                  com.example.myapplication            D  GetByteArrayElements
2024-06-25 11:21:12.772   351-351   realgo                  com.example.myapplication            D  cipher->pack
2024-06-25 11:21:12.772   351-351   System.err              com.example.myapplication            W  org.java_websocket.exceptions.WebsocketNotConnectedException
2024-06-25 11:21:12.772   351-351   System.err              com.example.myapplication            W  	at org.java_websocket.WebSocketImpl.send(WebSocketImpl.java:673)
2024-06-25 11:21:12.773   351-351   System.err              com.example.myapplication            W  	at org.java_websocket.WebSocketImpl.send(WebSocketImpl.java:663)
2024-06-25 11:21:12.773   351-351   System.err              com.example.myapplication            W  	at org.java_websocket.WebSocketImpl.send(WebSocketImpl.java:668)
2024-06-25 11:21:12.773   351-351   System.err              com.example.myapplication            W  	at org.java_websocket.client.WebSocketClient.send(WebSocketClient.java:440)
2024-06-25 11:21:12.773   351-351   System.err              com.example.myapplication            W  	at com.cn.game.sdk2.websocket.imp.GameServiceImp$send$1$1.invokeSuspend(GameServiceImp.kt:136)
2024-06-25 11:21:12.773   351-351   System.err              com.example.myapplication            W  	at kotlin.coroutines.jvm.internal.BaseContinuationImpl.resumeWith(ContinuationImpl.kt:33)
2024-06-25 11:21:12.773   351-351   System.err              com.example.myapplication            W  	at kotlinx.coroutines.DispatchedTask.run(DispatchedTask.kt:106)
2024-06-25 11:21:12.773   351-351   System.err              com.example.myapplication            W  	at android.os.Handler.handleCallback(Handler.java:942)
2024-06-25 11:21:12.773   351-351   System.err              com.example.myapplication            W  	at android.os.Handler.dispatchMessage(Handler.java:99)
2024-06-25 11:21:12.773   351-351   System.err              com.example.myapplication            W  	at android.os.Looper.loopOnce(Looper.java:240)
2024-06-25 11:21:12.773   351-351   System.err              com.example.myapplication            W  	at android.os.Looper.loop(Looper.java:351)
2024-06-25 11:21:12.773   351-351   System.err              com.example.myapplication            W  	at android.app.ActivityThread.main(ActivityThread.java:8377)
2024-06-25 11:21:12.773   351-351   System.err              com.example.myapplication            W  	at java.lang.reflect.Method.invoke(Native Method)
2024-06-25 11:21:12.773   351-351   System.err              com.example.myapplication            W  	at com.android.internal.os.RuntimeInit$MethodAndArgsCaller.run(RuntimeInit.java:584)
2024-06-25 11:21:12.773   351-351   System.err              com.example.myapplication            W  	at com.android.internal.os.ZygoteInit.main(ZygoteInit.java:1013)
2024-06-25 11:21:12.774   351-351   Quality                 com.example.myapplication            I  Skipped: false 1 cost 21.100409 refreshRate 11130754 bit true processName com.example.myapplication
2024-06-25 11:21:12.787   351-351   BufferQueueConsumer     com.example.myapplication            D  [](id:15f00000004,api:0,p:-1,c:351) connect: controlledByApp=false
2024-06-25 11:21:12.788   351-351   IPCThreadState          com.example.myapplication            E  attemptIncStrongHandle(79): Not supported
2024-06-25 11:21:12.791   351-351   VRI[Toast]              com.example.myapplication            D  registerCallbacksForSync syncBuffer=false
2024-06-25 11:21:12.798   351-4398  BLASTBufferQueue        com.example.myapplication            D  [VRI[Toast][Toast]#4](f:0,a:1) acquireNextBufferLocked size=334x160 mFrameNumber=1 applyTransaction=true mTimestamp=95529945600847(auto) mPendingTransactions.size=0 graphicBufferId=1507533520922 transform=0
2024-06-25 11:21:12.799   351-4398  VRI[Toast]              com.example.myapplication            D  Received frameCommittedCallback lastAttemptedDrawFrameNum=1 didProduceBuffer=true syncBuffer=false
2024-06-25 11:21:12.799   351-4398  Parcel                  com.example.myapplication            W  Expecting binder but got null!
2024-06-25 11:21:12.799   351-351   VRI[Toast]              com.example.myapplication            D  draw finished.
2024-06-25 11:21:12.806   351-351   Quality                 com.example.myapplication            I  Skipped: false 2 cost 30.952951 refreshRate 11128890 bit true processName com.example.myapplication
2024-06-25 11:21:12.811   351-351   VRI[Toast]              com.example.myapplication            D  registerCallbacksForSync syncBuffer=false
2024-06-25 11:21:12.819   351-4398  VRI[Toast]              com.example.myapplication            D  Received frameCommittedCallback lastAttemptedDrawFrameNum=2 didProduceBuffer=true syncBuffer=false
2024-06-25 11:21:12.819   351-351   VRI[Toast]              com.example.myapplication            D  draw finished.
2024-06-25 11:21:14.750   351-351   OplusScrollToTopManager com.example.myapplication            D  unregisterGuidePopupDismissReceiverInSystemUI
2024-06-25 11:21:14.751   351-351   OplusScrollToTopManager com.example.myapplication            D  Receiver not registered: android.view.OplusScrollToTopManager$1@57fdae0
2024-06-25 11:21:14.751   351-351   OplusScrollToTopManager com.example.myapplication            D  unregisterSystemUIBroadcastReceiver
2024-06-25 11:21:14.751   351-351   OplusScrollToTopManager com.example.myapplication            D  java.lang.IllegalArgumentException: Receiver not registered: android.view.OplusScrollToTopManager$2@560a199
2024-06-25 11:21:14.756   351-351   ZoomWindowDecorView     com.example.myapplication            V  removeZoomView
2024-06-25 11:21:14.760   351-351   BLASTBufferQueue        com.example.myapplication            D  [VRI[Toast][Toast]#4](f:0,a:1) destructor()
2024-06-25 11:21:14.761   351-351   BufferQueueConsumer     com.example.myapplication            D  [VRI[Toast][Toast]#4(BLAST Consumer)4](id:15f00000004,api:0,p:-1,c:351) disconnect
2024-06-25 11:21:14.782   351-351   Quality                 com.example.myapplication            I  Skipped: false 1 cost 15.639741 refreshRate 11111111 bit true processName com.example.myapplication
2024-06-25 11:21:16.765   351-351   ViewRootImplExtImpl     com.example.myapplication            D  onDisplayChanged 0 for VRI android.view.ViewRootImpl@9116a9f
2024-06-25 11:21:16.768   351-351   ViewRootImplExtImpl     com.example.myapplication            D  onDisplayChanged 0 for VRI android.view.ViewRootImpl@715214d
2024-06-25 11:21:26.035   351-4401  System.err              com.example.myapplication            W  javax.net.ssl.SSLHandshakeException: connection closed
2024-06-25 11:21:26.035   351-4401  System.err              com.example.myapplication            W  	at com.android.org.conscrypt.SSLUtils.toSSLHandshakeException(SSLUtils.java:363)
2024-06-25 11:21:26.035   351-4401  System.err              com.example.myapplication            W  	at com.android.org.conscrypt.ConscryptEngineSocket.doHandshake(ConscryptEngineSocket.java:243)
2024-06-25 11:21:26.035   351-4401  System.err              com.example.myapplication            W  	at com.android.org.conscrypt.ConscryptEngineSocket.startHandshake(ConscryptEngineSocket.java:220)
2024-06-25 11:21:26.035   351-4401  System.err              com.example.myapplication            W  	at com.android.org.conscrypt.ConscryptEngineSocket.waitForHandshake(ConscryptEngineSocket.java:572)
2024-06-25 11:21:26.036   351-4401  System.err              com.example.myapplication            W  	at com.android.org.conscrypt.ConscryptEngineSocket.getInputStream(ConscryptEngineSocket.java:296)
2024-06-25 11:21:26.036   351-4401  System.err              com.example.myapplication            W  	at org.java_websocket.client.WebSocketClient.run(WebSocketClient.java:488)
2024-06-25 11:21:26.036   351-4401  System.err              com.example.myapplication            W  	at java.lang.Thread.run(Thread.java:1012)
2024-06-25 11:21:26.036   351-4401  System.err              com.example.myapplication            W  Caused by: java.io.EOFException: connection closed
2024-06-25 11:21:26.036   351-4401  System.err              com.example.myapplication            W  	... 6 more
2024-06-25 11:21:26.036   351-4401  GameSocketClient        com.example.myapplication            E  connection closed
2024-06-25 11:21:26.038   351-4401  GameSocketClient        com.example.myapplication            E  socket-onClose-->code:-1-reason:connection closed-remote:false
2024-06-25 11:21:29.768   351-4377  e.myapplication         com.example.myapplication            I  Background concurrent copying GC freed 185623(8534KB) AllocSpace objects, 7(140KB) LOS objects, 63% free, 3483KB/9627KB, paused 241us,65us total 118.552ms
2024-06-25 11:21:29.773   351-351   FinalizerDaemon         com.example.myapplication            W  type=1400 audit(0.0:896): avc: denied { getopt } for path="/dev/socket/usap_pool_primary" scontext=u:r:untrusted_app:s0:c24,c256,c512,c768 tcontext=u:r:zygote:s0 tclass=unix_stream_socket permissive=0 app=com.example.myapplication
2024-06-25 11:21:29.779   351-4379  System                  com.example.myapplication            W  A resource failed to call close.
2024-06-25 11:21:36.044   351-4395  客户端====                 com.example.myapplication            E  ---尝试重连---
2024-06-25 11:21:36.046   351-4451  TrafficStats            com.example.myapplication            D  tagSocket(3) with statsTag=0xffffffff, statsUid=-1
2024-06-25 11:21:36.047   351-351   realgo                  com.example.myapplication            D  reset chipper=0xb4000076726ccb10
2024-06-25 11:22:06.160   351-351   ViewRootImplExtImpl     com.example.myapplication            D  onDisplayChanged 0 for VRI android.view.ViewRootImpl@9116a9f
2024-06-25 11:22:06.160   351-351   ViewRootImplExtImpl     com.example.myapplication            D  onDisplayChanged 0 for VRI android.view.ViewRootImpl@715214d
2024-06-25 11:22:06.164   351-4451  System.err              com.example.myapplication            W  javax.net.ssl.SSLHandshakeException: connection closed
2024-06-25 11:22:06.165   351-4451  System.err              com.example.myapplication            W  	at com.android.org.conscrypt.SSLUtils.toSSLHandshakeException(SSLUtils.java:363)
2024-06-25 11:22:06.165   351-4451  System.err              com.example.myapplication            W  	at com.android.org.conscrypt.ConscryptEngineSocket.doHandshake(ConscryptEngineSocket.java:243)
2024-06-25 11:22:06.165   351-4451  System.err              com.example.myapplication            W  	at com.android.org.conscrypt.ConscryptEngineSocket.startHandshake(ConscryptEngineSocket.java:220)
2024-06-25 11:22:06.165   351-4451  System.err              com.example.myapplication            W  	at com.android.org.conscrypt.ConscryptEngineSocket.waitForHandshake(ConscryptEngineSocket.java:572)
2024-06-25 11:22:06.165   351-4451  System.err              com.example.myapplication            W  	at com.android.org.conscrypt.ConscryptEngineSocket.getInputStream(ConscryptEngineSocket.java:296)
2024-06-25 11:22:06.165   351-4451  System.err              com.example.myapplication            W  	at org.java_websocket.client.WebSocketClient.run(WebSocketClient.java:488)
2024-06-25 11:22:06.165   351-4451  System.err              com.example.myapplication            W  	at java.lang.Thread.run(Thread.java:1012)
2024-06-25 11:22:06.165   351-4451  System.err              com.example.myapplication            W  Caused by: java.io.EOFException: connection closed
2024-06-25 11:22:06.165   351-4451  System.err              com.example.myapplication            W  	... 6 more
2024-06-25 11:22:06.165   351-4451  GameSocketClient        com.example.myapplication            E  connection closed
2024-06-25 11:22:06.165   351-4451  GameSocketClient        com.example.myapplication            E  socket-onClose-->code:-1-reason:connection closed-remote:false
2024-06-25 11:22:06.266   351-351   WindowManager           com.example.myapplication            D  Add to mViews: android.widget.RelativeLayout{dd52c2 V.E...... ......I. 0,0-0,0},pkg= com.example.myapplication
2024-06-25 11:22:06.275   351-351   ViewRootImplExtImpl     com.example.myapplication            D  onDisplayChanged -1 for VRI android.view.ViewRootImpl@db1d90e
2024-06-25 11:22:06.276   351-351   InputEventReceiver      com.example.myapplication            D  Input log is disabled
2024-06-25 11:22:06.278   351-351   com.cn.gam...ServiceImp com.example.myapplication            E  send()->mid:7-sid:7
2024-06-25 11:22:06.278   351-351   realgo                  com.example.myapplication            D  [jni] dataSize = 45
2024-06-25 11:22:06.278   351-351   realgo                  com.example.myapplication            D  GetByteArrayElements
2024-06-25 11:22:06.278   351-351   realgo                  com.example.myapplication            D  cipher->pack
2024-06-25 11:22:06.278   351-351   System.err              com.example.myapplication            W  org.java_websocket.exceptions.WebsocketNotConnectedException
2024-06-25 11:22:06.279   351-351   System.err              com.example.myapplication            W  	at org.java_websocket.WebSocketImpl.send(WebSocketImpl.java:673)
2024-06-25 11:22:06.279   351-351   System.err              com.example.myapplication            W  	at org.java_websocket.WebSocketImpl.send(WebSocketImpl.java:663)
2024-06-25 11:22:06.279   351-351   System.err              com.example.myapplication            W  	at org.java_websocket.WebSocketImpl.send(WebSocketImpl.java:668)
2024-06-25 11:22:06.279   351-351   System.err              com.example.myapplication            W  	at org.java_websocket.client.WebSocketClient.send(WebSocketClient.java:440)
2024-06-25 11:22:06.279   351-351   System.err              com.example.myapplication            W  	at com.cn.game.sdk2.websocket.imp.GameServiceImp$send$1$1.invokeSuspend(GameServiceImp.kt:136)
2024-06-25 11:22:06.279   351-351   System.err              com.example.myapplication            W  	at kotlin.coroutines.jvm.internal.BaseContinuationImpl.resumeWith(ContinuationImpl.kt:33)
2024-06-25 11:22:06.279   351-351   System.err              com.example.myapplication            W  	at kotlinx.coroutines.DispatchedTask.run(DispatchedTask.kt:106)
2024-06-25 11:22:06.279   351-351   System.err              com.example.myapplication            W  	at android.os.Handler.handleCallback(Handler.java:942)
2024-06-25 11:22:06.279   351-351   System.err              com.example.myapplication            W  	at android.os.Handler.dispatchMessage(Handler.java:99)
2024-06-25 11:22:06.279   351-351   System.err              com.example.myapplication            W  	at android.os.Looper.loopOnce(Looper.java:240)
2024-06-25 11:22:06.279   351-351   System.err              com.example.myapplication            W  	at android.os.Looper.loop(Looper.java:351)
2024-06-25 11:22:06.279   351-351   System.err              com.example.myapplication            W  	at android.app.ActivityThread.main(ActivityThread.java:8377)
2024-06-25 11:22:06.279   351-351   System.err              com.example.myapplication            W  	at java.lang.reflect.Method.invoke(Native Method)
2024-06-25 11:22:06.279   351-351   System.err              com.example.myapplication            W  	at com.android.internal.os.RuntimeInit$MethodAndArgsCaller.run(RuntimeInit.java:584)
2024-06-25 11:22:06.279   351-351   System.err              com.example.myapplication            W  	at com.android.internal.os.ZygoteInit.main(ZygoteInit.java:1013)
2024-06-25 11:22:06.280   351-351   Quality                 com.example.myapplication            I  Skipped: false 1 cost 15.45685 refreshRate 11166342 bit true processName com.example.myapplication
2024-06-25 11:22:06.280   351-4376  libc                    com.example.myapplication            A  Fatal signal 11 (SIGSEGV), code 1 (SEGV_MAPERR), fault addr 0x1fc942f1727e0143 in tid 4376 (Jit thread pool), pid 351 (e.myapplication)
2024-06-25 11:22:06.304   351-351   BufferQueueConsumer     com.example.myapplication            D  [](id:15f00000005,api:0,p:-1,c:351) connect: controlledByApp=false
2024-06-25 11:22:06.304   351-351   IPCThreadState          com.example.myapplication            E  attemptIncStrongHandle(81): Not supported
2024-06-25 11:22:06.309   351-351   VRI[Toast]              com.example.myapplication            D  registerCallbacksForSync syncBuffer=false
2024-06-25 11:22:06.312   351-4398  BLASTBufferQueue        com.example.myapplication            D  [VRI[Toast][Toast]#5](f:0,a:1) acquireNextBufferLocked size=334x160 mFrameNumber=1 applyTransaction=true mTimestamp=95583459059004(auto) mPendingTransactions.size=0 graphicBufferId=1507533520931 transform=0
2024-06-25 11:22:06.312   351-4398  VRI[Toast]              com.example.myapplication            D  Received frameCommittedCallback lastAttemptedDrawFrameNum=1 didProduceBuffer=true syncBuffer=false
2024-06-25 11:22:06.312   351-4398  Parcel                  com.example.myapplication            W  Expecting binder but got null!
2024-06-25 11:22:06.313   351-351   VRI[Toast]              com.example.myapplication            D  draw finished.
2024-06-25 11:22:06.314   351-351   Quality                 com.example.myapplication            I  Skipped: false 2 cost 27.946243 refreshRate 11166342 bit true processName com.example.myapplication
2024-06-25 11:22:06.322   351-351   VRI[Toast]              com.example.myapplication            D  registerCallbacksForSync syncBuffer=false
2024-06-25 11:22:06.324   351-4398  VRI[Toast]              com.example.myapplication            D  Received frameCommittedCallback lastAttemptedDrawFrameNum=2 didProduceBuffer=true syncBuffer=false
2024-06-25 11:22:06.324   351-351   VRI[Toast]              com.example.myapplication            D  draw finished.
2024-06-25 11:22:06.355   351-351   Quality                 com.example.myapplication            I  Skipped: false 2 cost 23.604055 refreshRate 11166344 bit true processName com.example.myapplication
2024-06-25 11:22:06.652  4479-4479  DEBUG                   crash_dump64                         A  Process name is com.example.myapplication, not key_process
2024-06-25 11:22:06.653  4479-4479  DEBUG                   crash_dump64                         A  Cmdline: com.example.myapplication
2024-06-25 11:22:06.653  4479-4479  DEBUG                   crash_dump64                         A  pid: 351, tid: 4376, name: Jit thread pool  >>> com.example.myapplication <<<
---------------------------- PROCESS STARTED (4655) for package com.example.myapplication ----------------------------
2024-06-25 11:22:12.420  4655-4655  libc                    com.example.myapplication            W  Access denied finding property "ro.odm.prev.product.name"
2024-06-25 11:22:12.424  4655-4655  LoadedApk               com.example.myapplication            D  mApplicationInfo overrideDisplayId:null
2024-06-25 11:22:12.441  4655-4655  ziparchive              com.example.myapplication            W  Unable to open '/data/data/com.example.myapplication/code_cache/.overlay/base.apk/classes12.dm': No such file or directory
2024-06-25 11:22:12.442  4655-4655  ziparchive              com.example.myapplication            W  Unable to open '/data/data/com.example.myapplication/code_cache/.overlay/base.apk/classes2.dm': No such file or directory
2024-06-25 11:22:12.443  4655-4655  ziparchive              com.example.myapplication            W  Unable to open '/data/data/com.example.myapplication/code_cache/.overlay/base.apk/classes7.dm': No such file or directory
2024-06-25 11:22:12.443  4655-4655  ziparchive              com.example.myapplication            W  Unable to open '/data/app/~~zXfVM3JBBKE4g-zDnwxo5A==/com.example.myapplication-8-3Oqqo4vM6pUwMVv-8jfg==/base.dm': No such file or directory
2024-06-25 11:22:12.443  4655-4655  ziparchive              com.example.myapplication            W  Unable to open '/data/app/~~zXfVM3JBBKE4g-zDnwxo5A==/com.example.myapplication-8-3Oqqo4vM6pUwMVv-8jfg==/base.dm': No such file or directory
2024-06-25 11:22:12.734  4655-4655  GraphicsEnvironment     com.example.myapplication            V  ANGLE Developer option for 'com.example.myapplication' set to: 'default'
2024-06-25 11:22:12.735  4655-4655  GraphicsEnvironment     com.example.myapplication            V  ANGLE GameManagerService for com.example.myapplication: false
2024-06-25 11:22:12.736  4655-4655  GraphicsEnvironment     com.example.myapplication            V  App is not on the allowlist for updatable production driver.
2024-06-25 11:22:12.746  4655-4655  NetworkSecurityConfig   com.example.myapplication            D  No Network Security Config specified, using platform default
2024-06-25 11:22:12.747  4655-4655  NetworkSecurityConfig   com.example.myapplication            D  No Network Security Config specified, using platform default
2024-06-25 11:22:12.753  4655-4655  Compatibil...geReporter com.example.myapplication            D  Compat change id reported: 183155436; UID 10024; state: ENABLED
2024-06-25 11:22:12.768  4655-4655  AndroidAutoSize         com.example.myapplication            D  designWidthInDp = 375, designHeightInDp = 720, screenWidth = 1080, screenHeight = 2290
2024-06-25 11:22:12.768  4655-4655  AndroidAutoSize         com.example.myapplication            D  initDensity = 3.0, initScaledDensity = 3.0
2024-06-25 11:22:12.780  4655-4655  base_lib                com.example.myapplication            D  ModuleInitializer--->create
2024-06-25 11:22:12.802  4655-4655  GamePartyL...nitializer com.example.myapplication            E  初始化step1:loadGame
2024-06-25 11:22:12.803  4655-4655  com.cn.gam...ketManager com.example.myapplication            E  initSocketClient
2024-06-25 11:22:12.827  4655-4655  OplusActivityManager    com.example.myapplication            D  get AMS extension: android.os.BinderProxy@2dbdf96
2024-06-25 11:22:13.838  4655-4655  Quality                 com.example.myapplication            I  SlowBinder: com.example.myapplication to android.os.IServiceManager cost= 1010 code= 2
2024-06-25 11:22:13.848  4655-4688  System.err              com.example.myapplication            W  SLF4J: Failed to load class "org.slf4j.impl.StaticLoggerBinder".
2024-06-25 11:22:13.849  4655-4688  System.err              com.example.myapplication            W  SLF4J: Defaulting to no-operation (NOP) logger implementation
2024-06-25 11:22:13.849  4655-4688  System.err              com.example.myapplication            W  SLF4J: See http://www.slf4j.org/codes.html#StaticLoggerBinder for further details.
2024-06-25 11:22:13.855  4655-4688  e.myapplication         com.example.myapplication            D  createChiper1:0
2024-06-25 11:22:13.856  4655-4688  realgo                  com.example.myapplication            D  create chipper=0xb400007682e2c108
2024-06-25 11:22:13.856  4655-4688  e.myapplication         com.example.myapplication            D  createChiper2:-5476376637880483576
2024-06-25 11:22:13.860  4655-4691  TrafficStats            com.example.myapplication            D  tagSocket(85) with statsTag=0xffffffff, statsUid=-1
2024-06-25 11:22:18.589  4655-4691  System.err              com.example.myapplication            W  java.net.SocketException: Software caused connection abort
2024-06-25 11:22:18.589  4655-4691  System.err              com.example.myapplication            W  	at java.net.SocketInputStream.socketRead0(Native Method)
2024-06-25 11:22:18.589  4655-4691  System.err              com.example.myapplication            W  	at java.net.SocketInputStream.socketRead(SocketInputStream.java:118)
2024-06-25 11:22:18.589  4655-4691  System.err              com.example.myapplication            W  	at java.net.SocketInputStream.read(SocketInputStream.java:173)
2024-06-25 11:22:18.589  4655-4691  System.err              com.example.myapplication            W  	at java.net.SocketInputStream.read(SocketInputStream.java:143)
2024-06-25 11:22:18.589  4655-4691  System.err              com.example.myapplication            W  	at com.android.org.conscrypt.ConscryptEngineSocket$SSLInputStream.readFromSocket(ConscryptEngineSocket.java:945)
2024-06-25 11:22:18.589  4655-4691  System.err              com.example.myapplication            W  	at com.android.org.conscrypt.ConscryptEngineSocket$SSLInputStream.processDataFromSocket(ConscryptEngineSocket.java:909)
2024-06-25 11:22:18.589  4655-4691  System.err              com.example.myapplication            W  	at com.android.org.conscrypt.ConscryptEngineSocket$SSLInputStream.-$$Nest$mprocessDataFromSocket(Unknown Source:0)
2024-06-25 11:22:18.589  4655-4691  System.err              com.example.myapplication            W  	at com.android.org.conscrypt.ConscryptEngineSocket.doHandshake(ConscryptEngineSocket.java:241)
2024-06-25 11:22:18.589  4655-4691  System.err              com.example.myapplication            W  	at com.android.org.conscrypt.ConscryptEngineSocket.startHandshake(ConscryptEngineSocket.java:220)
2024-06-25 11:22:18.589  4655-4691  System.err              com.example.myapplication            W  	at com.android.org.conscrypt.ConscryptEngineSocket.waitForHandshake(ConscryptEngineSocket.java:572)
2024-06-25 11:22:18.590  4655-4691  System.err              com.example.myapplication            W  	at com.android.org.conscrypt.ConscryptEngineSocket.getInputStream(ConscryptEngineSocket.java:296)
2024-06-25 11:22:18.590  4655-4691  System.err              com.example.myapplication            W  	at org.java_websocket.client.WebSocketClient.run(WebSocketClient.java:488)
2024-06-25 11:22:18.590  4655-4691  System.err              com.example.myapplication            W  	at java.lang.Thread.run(Thread.java:1012)
2024-06-25 11:22:18.590  4655-4691  GameSocketClient        com.example.myapplication            E  Software caused connection abort
2024-06-25 11:22:18.590  4655-4691  GameSocketClient        com.example.myapplication            E  socket-onClose-->code:-1-reason:Software caused connection abort-remote:false
2024-06-25 11:22:18.616  1564-1704  OplusThermalStats       system_server                        E  Error getting package info: com.example.myapplication
2024-06-25 11:22:18.644  4655-4655  AppCompatDelegate       com.example.myapplication            D  Checking for metadata for AppLocalesMetadataHolderService : Service not found
2024-06-25 11:22:18.644  4655-4709  OplusGraphicsEvent      com.example.myapplication            D  OplusGraphicsEventListener create now!
2024-06-25 11:22:18.645  4655-4709  OplusGraphicsEvent      com.example.myapplication            D  addEventListener success!
2024-06-25 11:22:18.652  4655-4711  libMEOW                 com.example.myapplication            D  meow new tls: 0xb400007683d9e840
2024-06-25 11:22:18.652  4655-4711  libMEOW                 com.example.myapplication            D  meow reload base cfg path: na
2024-06-25 11:22:18.652  4655-4711  libMEOW                 com.example.myapplication            D  meow reload overlay cfg path: na
2024-06-25 11:22:18.652  4655-4711  QT                      com.example.myapplication            W  qt_process_init() called
2024-06-25 11:22:18.652  4655-4711  QT                      com.example.myapplication            E  [QT]file does not exist
2024-06-25 11:22:18.652  4655-4711  QT                      com.example.myapplication            W  Support!!
2024-06-25 11:22:18.652  4655-4711  QT                      com.example.myapplication            E  [QT]file does not exist
2024-06-25 11:22:18.653  4655-4711  libMEOW                 com.example.myapplication            D  applied 1 plugins for [com.example.myapplication]:
2024-06-25 11:22:18.653  4655-4711  libMEOW                 com.example.myapplication            D    plugin 1: [libMEOW_gift.so]: 0xb400007672720380
2024-06-25 11:22:18.653  4655-4711  libMEOW                 com.example.myapplication            D  rebuild call chain: 0xb400007683cdd9c0
2024-06-25 11:22:18.653  4655-4711  libMEOW                 com.example.myapplication            D  meow delete tls: 0xb400007683d9e840
2024-06-25 11:22:18.675  4655-4655  AndroidAutoSize         com.example.myapplication            D  com.example.myapplication.MainActivity used the global configuration.
2024-06-25 11:22:18.676  4655-4655  AndroidAutoSize         com.example.myapplication            D  The com.example.myapplication.MainActivity has been adapted!
                                                                                                    MainActivity Info: isBaseOnWidth = true, designWidthInDp = 375.000000, designWidthInSubunits = 375.000000, targetDensity = 2.880000, targetScaledDensity = 2.880000, targetDensityDpi = 460, targetXdpi = 2.880000, targetScreenWidthDp = 375, targetScreenHeightDp = 756
2024-06-25 11:22:18.679  4655-4655  oplus.andr...actoryImpl com.example.myapplication            I  Unknow feature:IOplusTextViewRTLUtilForUG
2024-06-25 11:22:18.687  4655-4655  OplusWindowManager      com.example.myapplication            D  get WMS extension: android.os.BinderProxy@73ba115
2024-06-25 11:22:18.699  4655-4655  e.myapplication         com.example.myapplication            W  Accessing hidden method Landroid/view/View;->computeFitSystemWindows(Landroid/graphics/Rect;Landroid/graphics/Rect;)Z (unsupported, reflection, allowed)
2024-06-25 11:22:18.699  4655-4655  e.myapplication         com.example.myapplication            W  Accessing hidden method Landroid/view/ViewGroup;->makeOptionalFitsSystemWindows()V (unsupported, reflection, allowed)
2024-06-25 11:22:18.705  4655-4655  OplusCusto...ionManager com.example.myapplication            E  sInstance is null, start a new sInstance
2024-06-25 11:22:18.710  4655-4655  Compatibil...geReporter com.example.myapplication            D  Compat change id reported: 210923482; UID 10024; state: ENABLED
2024-06-25 11:22:18.733  4655-4655  AndroidAutoSize         com.example.myapplication            D  com.example.myapplication.MainActivity used the global configuration.
2024-06-25 11:22:18.734  4655-4655  AndroidAutoSize         com.example.myapplication            D  The com.example.myapplication.MainActivity has been adapted!
                                                                                                    MainActivity Info: isBaseOnWidth = true, designWidthInDp = 375.000000, designWidthInSubunits = 375.000000, targetDensity = 2.880000, targetScaledDensity = 2.880000, targetDensityDpi = 460, targetXdpi = 2.880000, targetScreenWidthDp = 375, targetScreenHeightDp = 756
2024-06-25 11:22:18.742  4655-4712  PowerHalWrapper         com.example.myapplication            I  PowerHalWrapper.getInstance
2024-06-25 11:22:18.742  4655-4655  PowerHalWrapper         com.example.myapplication            I  PowerHalWrapper.getInstance
2024-06-25 11:22:18.743  4655-4655  MSYNC3-Var...efreshRate com.example.myapplication            I  Variable refreshrate is disabled
2024-06-25 11:22:18.744  4655-4655  ExtensionsLoader        com.example.myapplication            D  createInstance(64bit) : createExtendedFactory
2024-06-25 11:22:18.744  4655-4655  ExtensionsLoader        com.example.myapplication            D  Opened libSchedAssistExtImpl.so
2024-06-25 11:22:18.744  4655-4655  e.myapplication         com.example.myapplication            E  ofbOpen failed with error=No such file or directory
2024-06-25 11:22:18.744  4655-4655  e.myapplication         com.example.myapplication            E  sysOpen failed with error=No such file or directory
2024-06-25 11:22:18.746  4655-4655  OplusInputMethodUtil    com.example.myapplication            D  init sDebug to false, init sDebugIme to false, init sAlwaysOn to false
2024-06-25 11:22:18.746  4655-4655  OplusInputMethodUtil    com.example.myapplication            D  updateDebugToClass InputMethodManager.DEBUG = false
2024-06-25 11:22:18.746  4655-4655  OplusInputMethodUtil    com.example.myapplication            D  updateDebugToClass ImeFocusController.DEBUG = false
2024-06-25 11:22:18.746  4655-4655  OplusInputMethodUtil    com.example.myapplication            D  updateDebugToClass BaseInputConnection.DEBUG = false
2024-06-25 11:22:18.746  4655-4655  OplusInputMethodUtil    com.example.myapplication            D  updateDebugToClass ImeFocusController.sDebugIme = false
2024-06-25 11:22:18.750  4655-4655  SurfaceFactory          com.example.myapplication            I  [static] sSurfaceFactory = com.mediatek.view.impl.SurfaceFactoryImpl@affc254
2024-06-25 11:22:18.755  4655-4715  OplusSlideAnimOptHelper com.example.myapplication            I  checkListMode: is blacklist mode = true
2024-06-25 11:22:18.756  4655-4655  WindowManager           com.example.myapplication            D  Add to mViews: DecorView@2d152f2[MainActivity],pkg= com.example.myapplication
2024-06-25 11:22:18.756  4655-4715  OplusSlideAnimOptHelper com.example.myapplication            D  com.example.myapplication scrollEffectOpt enable = true
2024-06-25 11:22:18.759  4655-4709  ExtensionsLoader        com.example.myapplication            D  createInstance(64bit) : createExtendedFactory
2024-06-25 11:22:18.762  4655-4709  ExtensionsLoader        com.example.myapplication            D  Opened libhwuiextimpl.so
2024-06-25 11:22:18.762  4655-4655  ExtensionsLoader        com.example.myapplication            D  createInstance(64bit) : createExtendedFactory
2024-06-25 11:22:18.762  4655-4655  ExtensionsLoader        com.example.myapplication            D  Opened libSchedAssistExtImpl.so
2024-06-25 11:22:18.771  4655-4655  ViewRootImplExtImpl     com.example.myapplication            D  onDisplayChanged -1 for VRI android.view.ViewRootImpl@e107ec
2024-06-25 11:22:18.772  4655-4655  libMEOW                 com.example.myapplication            D  meow new tls: 0xb4000076808695c0
2024-06-25 11:22:18.772  4655-4655  libMEOW                 com.example.myapplication            D  applied 1 plugins for [com.example.myapplication]:
2024-06-25 11:22:18.772  4655-4655  libMEOW                 com.example.myapplication            D    plugin 1: [libMEOW_gift.so]: 0xb400007672720380
2024-06-25 11:22:18.772  4655-4655  libMEOW                 com.example.myapplication            D  rebuild call chain: 0xb400007680878ec0
2024-06-25 11:22:18.773  4655-4655  InputEventReceiver      com.example.myapplication            D  Input log is disabled
2024-06-25 11:22:18.793  4655-4655  BufferQueueConsumer     com.example.myapplication            D  [](id:122f00000000,api:0,p:-1,c:4655) connect: controlledByApp=false
2024-06-25 11:22:18.794  4655-4655  ExtensionsLoader        com.example.myapplication            D  createInstance(64bit) : createExtendedFactory
2024-06-25 11:22:18.794  4655-4655  ExtensionsLoader        com.example.myapplication            D  Opened libSchedAssistExtImpl.so
2024-06-25 11:22:18.795  4655-4655  FBI                     com.example.myapplication            E  Can't load library: dlopen failed: library "libmagtsync.so" not found
2024-06-25 11:22:18.796  4655-4655  ZoomWindowDecorView     com.example.myapplication            V  setLastReportedMergedConfiguration mZoomDisplayHeight: 2400 getDecorView.47272690
2024-06-25 11:22:18.796  4655-4709  libMEOW                 com.example.myapplication            D  meow new tls: 0xb400007682ef1280
2024-06-25 11:22:18.796  4655-4709  libMEOW                 com.example.myapplication            D  applied 1 plugins for [com.example.myapplication]:
2024-06-25 11:22:18.796  4655-4709  libMEOW                 com.example.myapplication            D    plugin 1: [libMEOW_gift.so]: 0xb400007672720380
2024-06-25 11:22:18.796  4655-4709  libMEOW                 com.example.myapplication            D  rebuild call chain: 0xb400007682f016c0
2024-06-25 11:22:18.799  4655-4655  VRI[MainActivity]       com.example.myapplication            D  registerCallbacksForSync syncBuffer=false
2024-06-25 11:22:18.820  4655-4709  hw-ProcessState         com.example.myapplication            D  Binder ioctl to enable oneway spam detection failed: Invalid argument
2024-06-25 11:22:18.834  4655-4709  BLASTBufferQueue        com.example.myapplication            D  [VRI[MainActivity][com.example.myapplication/com.example.myapplication.MainActivity]#0](f:0,a:1) acquireNextBufferLocked size=1080x2400 mFrameNumber=1 applyTransaction=true mTimestamp=95595980967005(auto) mPendingTransactions.size=0 graphicBufferId=19993072762880 transform=0
2024-06-25 11:22:18.834  4655-4709  VRI[MainActivity]       com.example.myapplication            D  Received frameCommittedCallback lastAttemptedDrawFrameNum=1 didProduceBuffer=true syncBuffer=false
2024-06-25 11:22:18.836  4655-4709  Parcel                  com.example.myapplication            W  Expecting binder but got null!
2024-06-25 11:22:18.836  4655-4655  VRI[MainActivity]       com.example.myapplication            D  draw finished.
2024-06-25 11:22:18.837  4655-4655  Quality                 com.example.myapplication            I  Skipped: false 4 cost 54.81259 refreshRate 11166376 bit true processName com.example.myapplication
2024-06-25 11:22:18.843  4655-4655  VRI[MainActivity]       com.example.myapplication            D  registerCallbacksForSync syncBuffer=false
2024-06-25 11:22:18.849  4655-4709  VRI[MainActivity]       com.example.myapplication            D  Received frameCommittedCallback lastAttemptedDrawFrameNum=3 didProduceBuffer=true syncBuffer=false
2024-06-25 11:22:18.850  4655-4655  VRI[MainActivity]       com.example.myapplication            D  draw finished.
2024-06-25 11:22:18.851  4655-4655  VRI[MainActivity]       com.example.myapplication            D  onFocusEvent true
2024-06-25 11:22:19.009  4655-4655  Quality                 com.example.myapplication            I  Skipped: false 3 cost 36.537247 refreshRate 11165840 bit true processName com.example.myapplication
2024-06-25 11:22:19.512  4655-4655  OplusSyste...ureExtImpl com.example.myapplication            D  regionString = null
2024-06-25 11:22:19.565  4655-4655  OplusInput...erInternal com.example.myapplication            D  get inputMethodManager extension: com.android.internal.view.IInputMethodManager$Stub$Proxy@3efc6dd
2024-06-25 11:22:19.569  4655-4655  Compatibil...geReporter com.example.myapplication            D  Compat change id reported: 147798919; UID 10024; state: ENABLED
2024-06-25 11:22:19.590  4655-4655  ThemeUtils              com.example.myapplication            E  View class androidx.appcompat.widget.AppCompatImageView is an AppCompat widget that can only be used with a Theme.AppCompat theme (or descendant).
2024-06-25 11:22:19.595  4655-4655  ThemeUtils              com.example.myapplication            E  View class androidx.appcompat.widget.AppCompatTextView is an AppCompat widget that can only be used with a Theme.AppCompat theme (or descendant).
2024-06-25 11:22:19.600  4655-4655  WindowManager           com.example.myapplication            D  Add to mViews: com.lzf.easyfloat.widget.ParentFrameLayout{e88c676 I.E...... ......I. 0,0-0,0},pkg= null
2024-06-25 11:22:19.610  4655-4655  ViewRootImplExtImpl     com.example.myapplication            D  onDisplayChanged -1 for VRI android.view.ViewRootImpl@2b2d402
2024-06-25 11:22:19.611  4655-4655  InputEventReceiver      com.example.myapplication            D  Input log is disabled
2024-06-25 11:22:19.617  4655-4655  Quality                 com.example.myapplication            I  Skipped: false 4 cost 52.48533 refreshRate 11165557 bit true processName com.example.myapplication
2024-06-25 11:22:19.649  4655-4655  WindowManager           com.example.myapplication            D  Add to mViews: android.widget.RelativeLayout{929ab6f V.E...... ......I. 0,0-0,0},pkg= com.example.myapplication
2024-06-25 11:22:19.656  4655-4655  ViewRootImplExtImpl     com.example.myapplication            D  onDisplayChanged -1 for VRI android.view.ViewRootImpl@4cf8f8b
2024-06-25 11:22:19.657  4655-4655  InputEventReceiver      com.example.myapplication            D  Input log is disabled
2024-06-25 11:22:19.660  4655-4655  com.cn.gam...ServiceImp com.example.myapplication            E  send()->mid:7-sid:7
2024-06-25 11:22:19.661  4655-4655  realgo                  com.example.myapplication            D  [jni] dataSize = 45
2024-06-25 11:22:19.661  4655-4655  realgo                  com.example.myapplication            D  GetByteArrayElements
2024-06-25 11:22:19.661  4655-4655  realgo                  com.example.myapplication            D  cipher->pack
2024-06-25 11:22:19.661  4655-4655  libc                    com.example.myapplication            A  Fatal signal 11 (SIGSEGV), code 1 (SEGV_MAPERR), fault addr 0x7dcb9059727ee783 in tid 4655 (e.myapplication), pid 4655 (e.myapplication)
2024-06-25 11:22:20.021  4740-4740  DEBUG                   pid-4740                             A  Process name is com.example.myapplication, not key_process
2024-06-25 11:22:20.021  4740-4740  DEBUG                   pid-4740                             A  Cmdline: com.example.myapplication
2024-06-25 11:22:20.021  4740-4740  DEBUG                   pid-4740                             A  pid: 4655, tid: 4655, name: e.myapplication  >>> com.example.myapplication <<<
2024-06-25 11:22:20.022  4740-4740  DEBUG                   pid-4740                             A        #10 pc 0000000000450938  [anon:dalvik-classes25.dex extracted in memory from /data/app/~~zXfVM3JBBKE4g-zDnwxo5A==/com.example.myapplication-8-3Oqqo4vM6pUwMVv-8jfg==/base.apk!classes25.dex] (org.java_websocket.WebSocketImpl.send+112)
2024-06-25 11:22:20.022  4740-4740  DEBUG                   pid-4740                             A        #12 pc 000000000045089e  [anon:dalvik-classes25.dex extracted in memory from /data/app/~~zXfVM3JBBKE4g-zDnwxo5A==/com.example.myapplication-8-3Oqqo4vM6pUwMVv-8jfg==/base.apk!classes25.dex] (org.java_websocket.WebSocketImpl.send+34)
2024-06-25 11:22:20.022  4740-4740  DEBUG                   pid-4740                             A        #14 pc 0000000000450818  [anon:dalvik-classes25.dex extracted in memory from /data/app/~~zXfVM3JBBKE4g-zDnwxo5A==/com.example.myapplication-8-3Oqqo4vM6pUwMVv-8jfg==/base.apk!classes25.dex] (org.java_websocket.WebSocketImpl.send+8)
2024-06-25 11:22:20.022  4740-4740  DEBUG                   pid-4740                             A        #16 pc 0000000000451ad8  [anon:dalvik-classes25.dex extracted in memory from /data/app/~~zXfVM3JBBKE4g-zDnwxo5A==/com.example.myapplication-8-3Oqqo4vM6pUwMVv-8jfg==/base.apk!classes25.dex] (org.java_websocket.client.WebSocketClient.send+4)
2024-06-25 11:22:20.022  4740-4740  DEBUG                   pid-4740                             A        #18 pc 000000000000a116  [anon:dalvik-classes9.dex extracted in memory from /data/app/~~zXfVM3JBBKE4g-zDnwxo5A==/com.example.myapplication-8-3Oqqo4vM6pUwMVv-8jfg==/base.apk!classes9.dex] (com.cn.game.sdk2.websocket.imp.GameServiceImp$send$1$1.invokeSuspend+182)
2024-06-25 11:22:20.022  4740-4740  DEBUG                   pid-4740                             A        #20 pc 00000000002b9dfa  [anon:dalvik-classes25.dex extracted in memory from /data/app/~~zXfVM3JBBKE4g-zDnwxo5A==/com.example.myapplication-8-3Oqqo4vM6pUwMVv-8jfg==/base.apk!classes25.dex] (kotlin.coroutines.jvm.internal.BaseContinuationImpl.resumeWith+42)
2024-06-25 11:22:20.022  4740-4740  DEBUG                   pid-4740                             A        #22 pc 00000000003cc2e0  [anon:dalvik-classes25.dex extracted in memory from /data/app/~~zXfVM3JBBKE4g-zDnwxo5A==/com.example.myapplication-8-3Oqqo4vM6pUwMVv-8jfg==/base.apk!classes25.dex] (kotlinx.coroutines.DispatchedTask.run+444)
---------------------------- PROCESS ENDED (4655) for package com.example.myapplication ----------------------------
---------------------------- PROCESS STARTED (4792) for package com.example.myapplication ----------------------------
2024-06-25 11:22:23.969  4792-4792  libc                    com.example.myapplication            W  Access denied finding property "ro.odm.prev.product.name"
2024-06-25 11:22:23.972  4792-4792  LoadedApk               com.example.myapplication            D  mApplicationInfo overrideDisplayId:null
2024-06-25 11:22:23.990  4792-4792  ziparchive              com.example.myapplication            W  Unable to open '/data/data/com.example.myapplication/code_cache/.overlay/base.apk/classes12.dm': No such file or directory
2024-06-25 11:22:23.990  4792-4792  ziparchive              com.example.myapplication            W  Unable to open '/data/data/com.example.myapplication/code_cache/.overlay/base.apk/classes2.dm': No such file or directory
2024-06-25 11:22:23.991  4792-4792  ziparchive              com.example.myapplication            W  Unable to open '/data/data/com.example.myapplication/code_cache/.overlay/base.apk/classes7.dm': No such file or directory
2024-06-25 11:22:23.991  4792-4792  ziparchive              com.example.myapplication            W  Unable to open '/data/app/~~zXfVM3JBBKE4g-zDnwxo5A==/com.example.myapplication-8-3Oqqo4vM6pUwMVv-8jfg==/base.dm': No such file or directory
2024-06-25 11:22:23.991  4792-4792  ziparchive              com.example.myapplication            W  Unable to open '/data/app/~~zXfVM3JBBKE4g-zDnwxo5A==/com.example.myapplication-8-3Oqqo4vM6pUwMVv-8jfg==/base.dm': No such file or directory
2024-06-25 11:22:24.273  4792-4792  GraphicsEnvironment     com.example.myapplication            V  ANGLE Developer option for 'com.example.myapplication' set to: 'default'
2024-06-25 11:22:24.274  4792-4792  GraphicsEnvironment     com.example.myapplication            V  ANGLE GameManagerService for com.example.myapplication: false
2024-06-25 11:22:24.275  4792-4792  GraphicsEnvironment     com.example.myapplication            V  App is not on the allowlist for updatable production driver.
2024-06-25 11:22:24.288  4792-4792  NetworkSecurityConfig   com.example.myapplication            D  No Network Security Config specified, using platform default
2024-06-25 11:22:24.291  4792-4792  NetworkSecurityConfig   com.example.myapplication            D  No Network Security Config specified, using platform default
2024-06-25 11:22:24.296  4792-4792  Compatibil...geReporter com.example.myapplication            D  Compat change id reported: 183155436; UID 10024; state: ENABLED
2024-06-25 11:22:24.311  4792-4792  AndroidAutoSize         com.example.myapplication            D  designWidthInDp = 375, designHeightInDp = 720, screenWidth = 1080, screenHeight = 2290
2024-06-25 11:22:24.312  4792-4792  AndroidAutoSize         com.example.myapplication            D  initDensity = 3.0, initScaledDensity = 3.0
2024-06-25 11:22:24.324  4792-4792  base_lib                com.example.myapplication            D  ModuleInitializer--->create
2024-06-25 11:22:24.345  4792-4792  GamePartyL...nitializer com.example.myapplication            E  初始化step1:loadGame
2024-06-25 11:22:24.346  4792-4792  com.cn.gam...ketManager com.example.myapplication            E  initSocketClient
2024-06-25 11:22:24.369  4792-4792  OplusActivityManager    com.example.myapplication            D  get AMS extension: android.os.BinderProxy@2dbdf96
2024-06-25 11:22:25.636  7062-7874  Battery                 com.oplus.battery                    E  AppStats: Uid = 10016; pkgName = com.example.myapplication; CpuFgTime = 0 ms; CpuBgTime = 0 ms.
2024-06-25 11:22:25.636  7062-7874  Battery                 com.oplus.battery                    E  AppStats: Uid = 10016; pkgName = com.example.myapplication; CpuKernelFgTime = 0 ms; CpuKernelBgTime = 0 ms.
2024-06-25 11:22:25.636  7062-7874  Battery                 com.oplus.battery                    E  AppStats: Uid = 10016; pkgName = com.example.myapplication; CpuUserFgTime = 0 ms ; CpuUserBgTime = 0 ms.
2024-06-25 11:22:25.636  7062-7874  Battery                 com.oplus.battery                    E  AppStats: Uid = 10016; pkgName = com.example.myapplication; CpuFgPower = 0.0 mAh.; CpuBgPower = 0.0 mAh.
2024-06-25 11:22:25.636  7062-7874  Battery                 com.oplus.battery                    E  AppStats: Uid = 10016; pkgName = com.example.myapplication; AlarmFgWakeupCount = 0; AlarmBgWakeupCount = 0
2024-06-25 11:22:25.636  7062-7874  Battery                 com.oplus.battery                    E  AppStats: Uid = 10016; pkgName = com.example.myapplication; JobFgCount = 0; JobBgCount = 0; JobFgTime = 0; JobBgTime = 0
2024-06-25 11:22:25.636  7062-7874  Battery                 com.oplus.battery                    E  AppStats: Uid = 10016; pkgName = com.example.myapplication; SyncFgCount = 0; SyncBgCount = 0; SyncFgTime = 0; SyncBgTime = 0
2024-06-25 11:22:25.636  7062-7874  Battery                 com.oplus.battery                    E  AppStats: Uid = 10016; pkgName = com.example.myapplication; WakeLockFgTime = 0 ms; WakeLockFgPower = 0.0 mAh.; WakeLockBgTime = 0 ms; WakeLockBgPower = 0.0 mAh.
2024-06-25 11:22:25.637  7062-7874  Battery                 com.oplus.battery                    E  AppStats: Uid = 10016; pkgName = com.example.myapplication; ScreenFgTime = 45162708 ms; ScreenFgPower = 87.81637666666667 mAh.
2024-06-25 11:22:25.637  7062-7874  Battery                 com.oplus.battery                    E  AppStats: Uid = 10016; pkgName = com.example.myapplication; FgWifiRxBytes = 0 Bytes; BgWifiRxBytes = 0 Bytes; FgWifiTxBytes = 0 Bytes; BgWifiTxBytes = 0 Bytes; FgWifiRxPackets = 0 ; BgWifiRxPackets = 0 ; FgWifiTxPackets = 0 ; BgWifiTxPackets = 0 ; FgWiFiScanTimeMs = 0 ; BgWiFiScanTimeMs = 0 ; FgWiFiBatchScanTimeMs = 0 ; BgWiFiBatchScanTimeMs = 0
2024-06-25 11:22:25.637  7062-7874  Battery                 com.oplus.battery                    E  AppStats: Uid = 10016; pkgName = com.example.myapplication; FgWifiRxPacketsPower = 0.0 mAh; BgWifiRxPacketsPower = 0.0 mAh; FgWifiTxPacketsPower = 0.0 mAh; BgWifiTxPacketsPower = 0.0 mAh; FgWifiScanPower = 0.0 mAh; BgWifiScanPower = 0.0 mAh; FgWifiBatchScanPower = 0.0 mAh; BgWifiBatchScanPower = 0.0 mAh; FgWiFiTotalPower = 0.0 mAh; BgWiFiTotalPower = 0.0 mAh.
2024-06-25 11:22:25.637  7062-7874  Battery                 com.oplus.battery                    E  AppStats: Uid = 10016; pkgName = com.example.myapplication; FgGpsTime = 0 ms; BgGpsTime = 0 ms.
2024-06-25 11:22:25.637  7062-7874  Battery                 com.oplus.battery                    E  AppStats: Uid = 10016; pkgName = com.example.myapplication; FgGpsPower = 0.0 mAh; BgGpsPower = 0.0 mAh.
2024-06-25 11:22:25.637  7062-7874  Battery                 com.oplus.battery                    E  AppStats: Uid = 10016; pkgName = com.example.myapplication; FgSensorTime = 0 ms; BgSensorTime = 0 ms.
2024-06-25 11:22:25.637  7062-7874  Battery                 com.oplus.battery                    E  AppStats: Uid = 10016; pkgName = com.example.myapplication; FgSensorPower = 0.0 mAh; BgSensorPower = 0.0 mAh.
2024-06-25 11:22:25.637  7062-7874  Battery                 com.oplus.battery                    E  AppStats: Uid = 10016; pkgName = com.example.myapplication; FgCameraTime = 0 ms; BgCameraTime = 0 ms
2024-06-25 11:22:25.637  7062-7874  Battery                 com.oplus.battery                    E  AppStats: Uid = 10016; pkgName = com.example.myapplication; FgCameraPower = 0.0 mAh; BgCameraPower = 0.0 mAh
2024-06-25 11:22:25.637  7062-7874  Battery                 com.oplus.battery                    E  AppStats: Uid = 10016; pkgName = com.example.myapplication; FgFlashLightTime = 0 ms; BgFlashLightTime = 0 ms
2024-06-25 11:22:25.637  7062-7874  Battery                 com.oplus.battery                    E  AppStats: Uid = 10016; pkgName = com.example.myapplication; FgFlashLightPower = 0.0 mAh; BgFlashLightPower = 0.0 mAh
